Id,Username,First Name,Last Name,Middle Name,Suffix,Company Name,Division,Department,Title,Street,City,State,Postal Code,Country,Latitude,Longitude,Geocode Accuracy,Email,Sender Email,Sender Name,Signature,Stay in Touch Subject,Stay in Touch Signature,Stay in Touch Note,Phone,Fax,Mobile Phone,Alias,Community Nickname,Is Active,Is System Controlled,Time Zone Sid Key,User Role Id,Locale Sid Key,Receives Info Emails,Receives Admin Info Emails,Email Encoding Key,Profile Id,User Type,User Subtype,Start Day,End Day,Language Locale Key,Employee Number,Manager Id,Last Login Date,Last Password Change Date,Created Date,Created by Id,Last Modified Date,Last Modified by Id,System Modstamp,Number of Failed Logins,Su Access Expiration Date,Su Org Admin Expiration Date,Offline Trial Expiration Date,Wireless Trial Expiration Date,Offline Pda Trial Expiration Date,Forecast Enabled,Contact Id,Account Id,Call Center Id,Extension,Federation Identifier,About Me,Login Limit,Profile Photo Id,Digest Frequency,Default Group Notification Frequency,Workspace Id,Sharing Type,Chatter Adoption Stage,Chatter Adoption Stage Modified Date,Banner Photo Id,Is Profile Photo Active,Global Identity,Territory Id C
1,Camila Comberbeach,Camila,Comberbeach,,,,,,Regional Sales Manager,,,,,,,,,ccomberbeach0@chronoengine.com,,,,,,,,,,,,,,,2,,,,,,,,,,,,,,,,,,,,,,,,,,,,23730,,,,,,,,,,,,,,,,1
2,Hillary Kirsche,Hillary,Kirsche,,,,,,Inside Sales,,,,,,,,,hkirsche1@etsy.com,,,,,,,,,,,,,,,1,,,,,,,,,,,,,,,,,,,,,,,,,,,,5960,,,,,,,,,,,,,,,,2
3,Ralina Gland,Ralina,Gland,,,,,,Sale Director,,,,,,,,,rgland2@skype.com,,,,,,,,,,,,,,,3,,,,,,,,,,,,,,,,,,,,,,,,,,,,19615,,,,,,,,,,,,,,,,3
4,Jed Willetts,Jed,Willetts,,,,,,Sale Director,,,,,,,,,jwilletts3@telegraph.co.uk,,,,,,,,,,,,,,,2,,,,,,,,,,,,,,,,,,,,,,,,,,,,10472,,,,,,,,,,,,,,,,4
5,Berty MacCaughey,Berty,MacCaughey,,,,,,Regional Sales Manager,,,,,,,,,bmaccaughey4@umn.edu,,,,,,,,,,,,,,,1,,,,,,,,,,,,,,,,,,,,,,,,,,,,17560,,,,,,,,,,,,,,,,5
6,Magdalen Bresnen,Magdalen,Bresnen,,,,,,Regional Sales Manager,,,,,,,,,mbresnen5@spiegel.de,,,,,,,,,,,,,,,3,,,,,,,,,,,,,,,,,,,,,,,,,,,,13497,,,,,,,,,,,,,,,,6
7,Jay Mcsarry,Jay,Mcsarry,,,,,,Regional Sales Manager,,,,,,,,,jmcsarry6@reverbnation.com,,,,,,,,,,,,,,,3,,,,,,,,,,,,,,,,,,,,,,,,,,,,20011,,,,,,,,,,,,,,,,7
8,Alma Beadman,Alma,Beadman,,,,,,Regional Sales Manager,,,,,,,,,abeadman7@forbes.com,,,,,,,,,,,,,,,3,,,,,,,,,,,,,,,,,,,,,,,,,,,,23662,,,,,,,,,,,,,,,,8
9,Chloette Giacopelo,Chloette,Giacopelo,,,,,,Sale Director,,,,,,,,,cgiacopelo8@icio.us,,,,,,,,,,,,,,,3,,,,,,,,,,,,,,,,,,,,,,,,,,,,17298,,,,,,,,,,,,,,,,9
10,Rik Winks,Rik,Winks,,,,,,Inside Sales,,,,,,,,,rwinks9@ameblo.jp,,,,,,,,,,,,,,,3,,,,,,,,,,,,,,,,,,,,,,,,,,,,7633,,,,,,,,,,,,,,,,10
11,Ariella Bartos,Ariella,Bartos,,,,,,Sale Director,,,,,,,,,abartosa@pbs.org,,,,,,,,,,,,,,,2,,,,,,,,,,,,,,,,,,,,,,,,,,,,15742,,,,,,,,,,,,,,,,11
12,Rod Atlay,Rod,Atlay,,,,,,Regional Sales Manager,,,,,,,,,ratlayb@si.edu,,,,,,,,,,,,,,,3,,,,,,,,,,,,,,,,,,,,,,,,,,,,12447,,,,,,,,,,,,,,,,12
13,Rene Gaule,Rene,Gaule,,,,,,Regional Sales Manager,,,,,,,,,rgaulec@cyberchimps.com,,,,,,,,,,,,,,,3,,,,,,,,,,,,,,,,,,,,,,,,,,,,22631,,,,,,,,,,,,,,,,13
14,Tadeas Lumbley,Tadeas,Lumbley,,,,,,Inside Sales,,,,,,,,,tlumbleyd@instagram.com,,,,,,,,,,,,,,,3,,,,,,,,,,,,,,,,,,,,,,,,,,,,7649,,,,,,,,,,,,,,,,14
15,Michaela Millwater,Michaela,Millwater,,,,,,Sale Director,,,,,,,,,mmillwatere@unesco.org,,,,,,,,,,,,,,,2,,,,,,,,,,,,,,,,,,,,,,,,,,,,24012,,,,,,,,,,,,,,,,15
16,Obie Moulden,Obie,Moulden,,,,,,Regional Sales Manager,,,,,,,,,omouldenf@paginegialle.it,,,,,,,,,,,,,,,1,,,,,,,,,,,,,,,,,,,,,,,,,,,,9605,,,,,,,,,,,,,,,,16
17,Mildrid Gowan,Mildrid,Gowan,,,,,,Regional Sales Manager,,,,,,,,,mgowang@hugedomains.com,,,,,,,,,,,,,,,2,,,,,,,,,,,,,,,,,,,,,,,,,,,,17525,,,,,,,,,,,,,,,,17
18,Amble Eisikovitsh,Amble,Eisikovitsh,,,,,,Regional Sales Manager,,,,,,,,,aeisikovitshh@rakuten.co.jp,,,,,,,,,,,,,,,3,,,,,,,,,,,,,,,,,,,,,,,,,,,,9472,,,,,,,,,,,,,,,,18
19,Floyd Bore,Floyd,Bore,,,,,,Sale Director,,,,,,,,,fborei@domainmarket.com,,,,,,,,,,,,,,,1,,,,,,,,,,,,,,,,,,,,,,,,,,,,10895,,,,,,,,,,,,,,,,19
20,Lottie Dobie,Lottie,Dobie,,,,,,Inside Sales,,,,,,,,,ldobiej@php.net,,,,,,,,,,,,,,,2,,,,,,,,,,,,,,,,,,,,,,,,,,,,20483,,,,,,,,,,,,,,,,20
21,Rodge Whalebelly,Rodge,Whalebelly,,,,,,Inside Sales,,,,,,,,,rwhalebellyk@so-net.ne.jp,,,,,,,,,,,,,,,3,,,,,,,,,,,,,,,,,,,,,,,,,,,,14155,,,,,,,,,,,,,,,,21
22,Alia Schaffel,Alia,Schaffel,,,,,,Inside Sales,,,,,,,,,aschaffell@zimbio.com,,,,,,,,,,,,,,,1,,,,,,,,,,,,,,,,,,,,,,,,,,,,8863,,,,,,,,,,,,,,,,22
23,Tristam Gabbetis,Tristam,Gabbetis,,,,,,Inside Sales,,,,,,,,,tgabbetism@reuters.com,,,,,,,,,,,,,,,3,,,,,,,,,,,,,,,,,,,,,,,,,,,,23631,,,,,,,,,,,,,,,,23
24,Gracie McDougald,Gracie,McDougald,,,,,,Regional Sales Manager,,,,,,,,,gmcdougaldn@oakley.com,,,,,,,,,,,,,,,1,,,,,,,,,,,,,,,,,,,,,,,,,,,,7140,,,,,,,,,,,,,,,,24
25,Michelle Shelly,Michelle,Shelly,,,,,,Inside Sales,,,,,,,,,mshellyo@go.com,,,,,,,,,,,,,,,2,,,,,,,,,,,,,,,,,,,,,,,,,,,,17271,,,,,,,,,,,,,,,,25
26,Arabelle Doick,Arabelle,Doick,,,,,,Regional Sales Manager,,,,,,,,,adoickp@constantcontact.com,,,,,,,,,,,,,,,2,,,,,,,,,,,,,,,,,,,,,,,,,,,,21353,,,,,,,,,,,,,,,,26
27,Tamara Denacamp,Tamara,Denacamp,,,,,,Inside Sales,,,,,,,,,tdenacampq@google.cn,,,,,,,,,,,,,,,1,,,,,,,,,,,,,,,,,,,,,,,,,,,,2749,,,,,,,,,,,,,,,,27
28,Calla Willavoys,Calla,Willavoys,,,,,,Inside Sales,,,,,,,,,cwillavoysr@nationalgeographic.com,,,,,,,,,,,,,,,1,,,,,,,,,,,,,,,,,,,,,,,,,,,,19520,,,,,,,,,,,,,,,,28
29,Antoine Aslett,Antoine,Aslett,,,,,,Inside Sales,,,,,,,,,aasletts@zimbio.com,,,,,,,,,,,,,,,2,,,,,,,,,,,,,,,,,,,,,,,,,,,,24388,,,,,,,,,,,,,,,,29
30,Rebecka Hanley,Rebecka,Hanley,,,,,,Sale Director,,,,,,,,,rhanleyt@archive.org,,,,,,,,,,,,,,,3,,,,,,,,,,,,,,,,,,,,,,,,,,,,16368,,,,,,,,,,,,,,,,30
31,Lauraine Gapper,Lauraine,Gapper,,,,,,Inside Sales,,,,,,,,,lgapperu@twitpic.com,,,,,,,,,,,,,,,3,,,,,,,,,,,,,,,,,,,,,,,,,,,,14846,,,,,,,,,,,,,,,,31
32,Dee Swinden,Dee,Swinden,,,,,,Regional Sales Manager,,,,,,,,,dswindenv@slate.com,,,,,,,,,,,,,,,1,,,,,,,,,,,,,,,,,,,,,,,,,,,,23070,,,,,,,,,,,,,,,,32
33,Abba Keenan,Abba,Keenan,,,,,,Sale Director,,,,,,,,,akeenanw@infoseek.co.jp,,,,,,,,,,,,,,,3,,,,,,,,,,,,,,,,,,,,,,,,,,,,16344,,,,,,,,,,,,,,,,33
34,Carlyle Iorns,Carlyle,Iorns,,,,,,Inside Sales,,,,,,,,,ciornsx@msu.edu,,,,,,,,,,,,,,,1,,,,,,,,,,,,,,,,,,,,,,,,,,,,20513,,,,,,,,,,,,,,,,34
35,Easter Audry,Easter,Audry,,,,,,Regional Sales Manager,,,,,,,,,eaudryy@sciencedaily.com,,,,,,,,,,,,,,,3,,,,,,,,,,,,,,,,,,,,,,,,,,,,15306,,,,,,,,,,,,,,,,35
36,Cash Edison,Cash,Edison,,,,,,Sale Director,,,,,,,,,cedisonz@stumbleupon.com,,,,,,,,,,,,,,,1,,,,,,,,,,,,,,,,,,,,,,,,,,,,22980,,,,,,,,,,,,,,,,36
37,Gayler Jellis,Gayler,Jellis,,,,,,Inside Sales,,,,,,,,,gjellis10@angelfire.com,,,,,,,,,,,,,,,3,,,,,,,,,,,,,,,,,,,,,,,,,,,,12384,,,,,,,,,,,,,,,,37
38,Christie Erik,Christie,Erik,,,,,,Sale Director,,,,,,,,,cerik11@prnewswire.com,,,,,,,,,,,,,,,3,,,,,,,,,,,,,,,,,,,,,,,,,,,,22301,,,,,,,,,,,,,,,,38
39,Curry Rosenstock,Curry,Rosenstock,,,,,,Inside Sales,,,,,,,,,crosenstock12@g.co,,,,,,,,,,,,,,,3,,,,,,,,,,,,,,,,,,,,,,,,,,,,6555,,,,,,,,,,,,,,,,39
40,Tate Dickins,Tate,Dickins,,,,,,Sale Director,,,,,,,,,tdickins13@flickr.com,,,,,,,,,,,,,,,2,,,,,,,,,,,,,,,,,,,,,,,,,,,,23534,,,,,,,,,,,,,,,,40
41,Normy Junkinson,Normy,Junkinson,,,,,,Inside Sales,,,,,,,,,njunkinson14@mysql.com,,,,,,,,,,,,,,,3,,,,,,,,,,,,,,,,,,,,,,,,,,,,4530,,,,,,,,,,,,,,,,41
42,Waneta Gallgher,Waneta,Gallgher,,,,,,Inside Sales,,,,,,,,,wgallgher15@engadget.com,,,,,,,,,,,,,,,3,,,,,,,,,,,,,,,,,,,,,,,,,,,,14359,,,,,,,,,,,,,,,,42
43,Zechariah Fancett,Zechariah,Fancett,,,,,,Sale Director,,,,,,,,,zfancett16@cnn.com,,,,,,,,,,,,,,,1,,,,,,,,,,,,,,,,,,,,,,,,,,,,17372,,,,,,,,,,,,,,,,43
44,May Amori,May,Amori,,,,,,Regional Sales Manager,,,,,,,,,mamori17@studiopress.com,,,,,,,,,,,,,,,2,,,,,,,,,,,,,,,,,,,,,,,,,,,,3020,,,,,,,,,,,,,,,,44
45,Aleksandr Feldon,Aleksandr,Feldon,,,,,,Regional Sales Manager,,,,,,,,,afeldon18@dyndns.org,,,,,,,,,,,,,,,2,,,,,,,,,,,,,,,,,,,,,,,,,,,,19109,,,,,,,,,,,,,,,,45
46,Elberta Rea,Elberta,Rea,,,,,,Inside Sales,,,,,,,,,erea19@ibm.com,,,,,,,,,,,,,,,2,,,,,,,,,,,,,,,,,,,,,,,,,,,,20728,,,,,,,,,,,,,,,,46
47,Alister Brandli,Alister,Brandli,,,,,,Sale Director,,,,,,,,,abrandli1a@sohu.com,,,,,,,,,,,,,,,1,,,,,,,,,,,,,,,,,,,,,,,,,,,,20561,,,,,,,,,,,,,,,,47
48,Torrance Waghorne,Torrance,Waghorne,,,,,,Inside Sales,,,,,,,,,twaghorne1b@ebay.com,,,,,,,,,,,,,,,1,,,,,,,,,,,,,,,,,,,,,,,,,,,,20290,,,,,,,,,,,,,,,,48
49,Saul Blakelock,Saul,Blakelock,,,,,,Inside Sales,,,,,,,,,sblakelock1c@japanpost.jp,,,,,,,,,,,,,,,2,,,,,,,,,,,,,,,,,,,,,,,,,,,,12681,,,,,,,,,,,,,,,,49
50,Ginnie Nolte,Ginnie,Nolte,,,,,,Inside Sales,,,,,,,,,gnolte1d@microsoft.com,,,,,,,,,,,,,,,3,,,,,,,,,,,,,,,,,,,,,,,,,,,,22155,,,,,,,,,,,,,,,,50
51,Madelena Leyes,Madelena,Leyes,,,,,,Inside Sales,,,,,,,,,mleyes1e@cmu.edu,,,,,,,,,,,,,,,3,,,,,,,,,,,,,,,,,,,,,,,,,,,,23142,,,,,,,,,,,,,,,,51
52,Sutton Brimming,Sutton,Brimming,,,,,,Regional Sales Manager,,,,,,,,,sbrimming1f@economist.com,,,,,,,,,,,,,,,2,,,,,,,,,,,,,,,,,,,,,,,,,,,,13296,,,,,,,,,,,,,,,,52
53,Casar Stockhill,Casar,Stockhill,,,,,,Sale Director,,,,,,,,,cstockhill1g@blinklist.com,,,,,,,,,,,,,,,1,,,,,,,,,,,,,,,,,,,,,,,,,,,,3199,,,,,,,,,,,,,,,,53
54,La verne Renachowski,La verne,Renachowski,,,,,,Regional Sales Manager,,,,,,,,,lrenachowski1h@shutterfly.com,,,,,,,,,,,,,,,3,,,,,,,,,,,,,,,,,,,,,,,,,,,,4810,,,,,,,,,,,,,,,,54
55,Javier Arnison,Javier,Arnison,,,,,,Sale Director,,,,,,,,,jarnison1i@jiathis.com,,,,,,,,,,,,,,,2,,,,,,,,,,,,,,,,,,,,,,,,,,,,21681,,,,,,,,,,,,,,,,55
56,Aileen Gotcliffe,Aileen,Gotcliffe,,,,,,Regional Sales Manager,,,,,,,,,agotcliffe1j@cornell.edu,,,,,,,,,,,,,,,2,,,,,,,,,,,,,,,,,,,,,,,,,,,,7533,,,,,,,,,,,,,,,,56
57,Bridie Withey,Bridie,Withey,,,,,,Sale Director,,,,,,,,,bwithey1k@reddit.com,,,,,,,,,,,,,,,1,,,,,,,,,,,,,,,,,,,,,,,,,,,,18560,,,,,,,,,,,,,,,,57
58,Wendi Hentzeler,Wendi,Hentzeler,,,,,,Inside Sales,,,,,,,,,whentzeler1l@nba.com,,,,,,,,,,,,,,,1,,,,,,,,,,,,,,,,,,,,,,,,,,,,14089,,,,,,,,,,,,,,,,58
59,Rianon L'oiseau,Rianon,L'oiseau,,,,,,Sale Director,,,,,,,,,rloiseau1m@craigslist.org,,,,,,,,,,,,,,,1,,,,,,,,,,,,,,,,,,,,,,,,,,,,18768,,,,,,,,,,,,,,,,59
60,Blondell Kermath,Blondell,Kermath,,,,,,Regional Sales Manager,,,,,,,,,bkermath1n@creativecommons.org,,,,,,,,,,,,,,,2,,,,,,,,,,,,,,,,,,,,,,,,,,,,1857,,,,,,,,,,,,,,,,60
61,Ellene Belfitt,Ellene,Belfitt,,,,,,Inside Sales,,,,,,,,,ebelfitt1o@jimdo.com,,,,,,,,,,,,,,,1,,,,,,,,,,,,,,,,,,,,,,,,,,,,19352,,,,,,,,,,,,,,,,61
62,Elwin Lassells,Elwin,Lassells,,,,,,Inside Sales,,,,,,,,,elassells1p@blogger.com,,,,,,,,,,,,,,,2,,,,,,,,,,,,,,,,,,,,,,,,,,,,14293,,,,,,,,,,,,,,,,62
63,Cordie Dugdale,Cordie,Dugdale,,,,,,Inside Sales,,,,,,,,,cdugdale1q@naver.com,,,,,,,,,,,,,,,1,,,,,,,,,,,,,,,,,,,,,,,,,,,,6870,,,,,,,,,,,,,,,,63
64,Mayne Donnison,Mayne,Donnison,,,,,,Inside Sales,,,,,,,,,mdonnison1r@unesco.org,,,,,,,,,,,,,,,2,,,,,,,,,,,,,,,,,,,,,,,,,,,,17751,,,,,,,,,,,,,,,,64
65,Giulio Tilio,Giulio,Tilio,,,,,,Regional Sales Manager,,,,,,,,,gtilio1s@apache.org,,,,,,,,,,,,,,,3,,,,,,,,,,,,,,,,,,,,,,,,,,,,18804,,,,,,,,,,,,,,,,65
66,Anthony Mapstone,Anthony,Mapstone,,,,,,Sale Director,,,,,,,,,amapstone1t@slideshare.net,,,,,,,,,,,,,,,2,,,,,,,,,,,,,,,,,,,,,,,,,,,,13983,,,,,,,,,,,,,,,,66
67,Bink Henmarsh,Bink,Henmarsh,,,,,,Inside Sales,,,,,,,,,bhenmarsh1u@g.co,,,,,,,,,,,,,,,3,,,,,,,,,,,,,,,,,,,,,,,,,,,,19500,,,,,,,,,,,,,,,,67
68,Alexia Kippin,Alexia,Kippin,,,,,,Inside Sales,,,,,,,,,akippin1v@soundcloud.com,,,,,,,,,,,,,,,3,,,,,,,,,,,,,,,,,,,,,,,,,,,,3256,,,,,,,,,,,,,,,,68
69,Hy Derle,Hy,Derle,,,,,,Sale Director,,,,,,,,,hderle1w@creativecommons.org,,,,,,,,,,,,,,,2,,,,,,,,,,,,,,,,,,,,,,,,,,,,24383,,,,,,,,,,,,,,,,69
70,Freddie Filchakov,Freddie,Filchakov,,,,,,Inside Sales,,,,,,,,,ffilchakov1x@biglobe.ne.jp,,,,,,,,,,,,,,,2,,,,,,,,,,,,,,,,,,,,,,,,,,,,3091,,,,,,,,,,,,,,,,70
71,Aurel Palfreyman,Aurel,Palfreyman,,,,,,Regional Sales Manager,,,,,,,,,apalfreyman1y@sakura.ne.jp,,,,,,,,,,,,,,,1,,,,,,,,,,,,,,,,,,,,,,,,,,,,2793,,,,,,,,,,,,,,,,71
72,Ailis Sobey,Ailis,Sobey,,,,,,Regional Sales Manager,,,,,,,,,asobey1z@ow.ly,,,,,,,,,,,,,,,3,,,,,,,,,,,,,,,,,,,,,,,,,,,,17776,,,,,,,,,,,,,,,,72
73,Felike Stains,Felike,Stains,,,,,,Inside Sales,,,,,,,,,fstains20@umn.edu,,,,,,,,,,,,,,,2,,,,,,,,,,,,,,,,,,,,,,,,,,,,15908,,,,,,,,,,,,,,,,73
74,Carolann Sargent,Carolann,Sargent,,,,,,Sale Director,,,,,,,,,csargent21@blinklist.com,,,,,,,,,,,,,,,1,,,,,,,,,,,,,,,,,,,,,,,,,,,,21165,,,,,,,,,,,,,,,,74
75,Yurik Ellingford,Yurik,Ellingford,,,,,,Sale Director,,,,,,,,,yellingford22@java.com,,,,,,,,,,,,,,,1,,,,,,,,,,,,,,,,,,,,,,,,,,,,42,,,,,,,,,,,,,,,,75
76,Hayward Leeds,Hayward,Leeds,,,,,,Sale Director,,,,,,,,,hleeds23@comcast.net,,,,,,,,,,,,,,,3,,,,,,,,,,,,,,,,,,,,,,,,,,,,11978,,,,,,,,,,,,,,,,76
77,Moll Siddall,Moll,Siddall,,,,,,Regional Sales Manager,,,,,,,,,msiddall24@typepad.com,,,,,,,,,,,,,,,2,,,,,,,,,,,,,,,,,,,,,,,,,,,,9863,,,,,,,,,,,,,,,,77
78,Leanora Langfitt,Leanora,Langfitt,,,,,,Regional Sales Manager,,,,,,,,,llangfitt25@topsy.com,,,,,,,,,,,,,,,2,,,,,,,,,,,,,,,,,,,,,,,,,,,,12289,,,,,,,,,,,,,,,,78
79,Ferdinanda Baythrop,Ferdinanda,Baythrop,,,,,,Sale Director,,,,,,,,,fbaythrop26@marriott.com,,,,,,,,,,,,,,,3,,,,,,,,,,,,,,,,,,,,,,,,,,,,21675,,,,,,,,,,,,,,,,79
80,Tammi Whatley,Tammi,Whatley,,,,,,Inside Sales,,,,,,,,,twhatley27@who.int,,,,,,,,,,,,,,,2,,,,,,,,,,,,,,,,,,,,,,,,,,,,9994,,,,,,,,,,,,,,,,80
81,Cosimo Lynd,Cosimo,Lynd,,,,,,Inside Sales,,,,,,,,,clynd28@1688.com,,,,,,,,,,,,,,,3,,,,,,,,,,,,,,,,,,,,,,,,,,,,10264,,,,,,,,,,,,,,,,81
82,Cassie Freear,Cassie,Freear,,,,,,Inside Sales,,,,,,,,,cfreear29@telegraph.co.uk,,,,,,,,,,,,,,,2,,,,,,,,,,,,,,,,,,,,,,,,,,,,3809,,,,,,,,,,,,,,,,82
83,Rosie Hellier,Rosie,Hellier,,,,,,Regional Sales Manager,,,,,,,,,rhellier2a@opensource.org,,,,,,,,,,,,,,,2,,,,,,,,,,,,,,,,,,,,,,,,,,,,4923,,,,,,,,,,,,,,,,83
84,Deedee Callis,Deedee,Callis,,,,,,Sale Director,,,,,,,,,dcallis2b@microsoft.com,,,,,,,,,,,,,,,3,,,,,,,,,,,,,,,,,,,,,,,,,,,,17280,,,,,,,,,,,,,,,,84
85,Annamaria Summersby,Annamaria,Summersby,,,,,,Inside Sales,,,,,,,,,asummersby2c@washington.edu,,,,,,,,,,,,,,,1,,,,,,,,,,,,,,,,,,,,,,,,,,,,15919,,,,,,,,,,,,,,,,85
86,Vaclav Bampfield,Vaclav,Bampfield,,,,,,Inside Sales,,,,,,,,,vbampfield2d@webmd.com,,,,,,,,,,,,,,,1,,,,,,,,,,,,,,,,,,,,,,,,,,,,11365,,,,,,,,,,,,,,,,86
87,Ebeneser Sancho,Ebeneser,Sancho,,,,,,Regional Sales Manager,,,,,,,,,esancho2e@ycombinator.com,,,,,,,,,,,,,,,3,,,,,,,,,,,,,,,,,,,,,,,,,,,,5987,,,,,,,,,,,,,,,,87
88,Aldridge Shevill,Aldridge,Shevill,,,,,,Sale Director,,,,,,,,,ashevill2f@answers.com,,,,,,,,,,,,,,,1,,,,,,,,,,,,,,,,,,,,,,,,,,,,16132,,,,,,,,,,,,,,,,88
89,Karlotte Kembley,Karlotte,Kembley,,,,,,Regional Sales Manager,,,,,,,,,kkembley2g@cyberchimps.com,,,,,,,,,,,,,,,3,,,,,,,,,,,,,,,,,,,,,,,,,,,,17482,,,,,,,,,,,,,,,,89
90,Vyky Massei,Vyky,Massei,,,,,,Sale Director,,,,,,,,,vmassei2h@about.com,,,,,,,,,,,,,,,2,,,,,,,,,,,,,,,,,,,,,,,,,,,,19155,,,,,,,,,,,,,,,,90
91,Aube Feare,Aube,Feare,,,,,,Regional Sales Manager,,,,,,,,,afeare2i@flavors.me,,,,,,,,,,,,,,,2,,,,,,,,,,,,,,,,,,,,,,,,,,,,1770,,,,,,,,,,,,,,,,91
92,Sebastian Goult,Sebastian,Goult,,,,,,Inside Sales,,,,,,,,,sgoult2j@shareasale.com,,,,,,,,,,,,,,,1,,,,,,,,,,,,,,,,,,,,,,,,,,,,2628,,,,,,,,,,,,,,,,92
93,Berta Manilo,Berta,Manilo,,,,,,Sale Director,,,,,,,,,bmanilo2k@netvibes.com,,,,,,,,,,,,,,,2,,,,,,,,,,,,,,,,,,,,,,,,,,,,4319,,,,,,,,,,,,,,,,93
94,Wakefield Titchen,Wakefield,Titchen,,,,,,Regional Sales Manager,,,,,,,,,wtitchen2l@reverbnation.com,,,,,,,,,,,,,,,1,,,,,,,,,,,,,,,,,,,,,,,,,,,,772,,,,,,,,,,,,,,,,94
95,Avigdor Erlam,Avigdor,Erlam,,,,,,Inside Sales,,,,,,,,,aerlam2m@fotki.com,,,,,,,,,,,,,,,1,,,,,,,,,,,,,,,,,,,,,,,,,,,,16025,,,,,,,,,,,,,,,,95
96,Salim Fullerlove,Salim,Fullerlove,,,,,,Regional Sales Manager,,,,,,,,,sfullerlove2n@ed.gov,,,,,,,,,,,,,,,1,,,,,,,,,,,,,,,,,,,,,,,,,,,,7504,,,,,,,,,,,,,,,,96
97,Archibold Stollen,Archibold,Stollen,,,,,,Regional Sales Manager,,,,,,,,,astollen2o@dion.ne.jp,,,,,,,,,,,,,,,3,,,,,,,,,,,,,,,,,,,,,,,,,,,,15367,,,,,,,,,,,,,,,,97
98,Marguerite Carnilian,Marguerite,Carnilian,,,,,,Regional Sales Manager,,,,,,,,,mcarnilian2p@scientificamerican.com,,,,,,,,,,,,,,,3,,,,,,,,,,,,,,,,,,,,,,,,,,,,7973,,,,,,,,,,,,,,,,98
99,Farand Fossick,Farand,Fossick,,,,,,Inside Sales,,,,,,,,,ffossick2q@mit.edu,,,,,,,,,,,,,,,1,,,,,,,,,,,,,,,,,,,,,,,,,,,,7088,,,,,,,,,,,,,,,,99
100,Roman Pallent,Roman,Pallent,,,,,,Sale Director,,,,,,,,,rpallent2r@reverbnation.com,,,,,,,,,,,,,,,2,,,,,,,,,,,,,,,,,,,,,,,,,,,,3318,,,,,,,,,,,,,,,,100
101,Gil Beckles,Gil,Beckles,,,,,,Regional Sales Manager,,,,,,,,,gbeckles2s@go.com,,,,,,,,,,,,,,,2,,,,,,,,,,,,,,,,,,,,,,,,,,,,1159,,,,,,,,,,,,,,,,101
102,Conrade Sagrott,Conrade,Sagrott,,,,,,Regional Sales Manager,,,,,,,,,csagrott2t@cbc.ca,,,,,,,,,,,,,,,2,,,,,,,,,,,,,,,,,,,,,,,,,,,,10353,,,,,,,,,,,,,,,,102
103,Dana Lempenny,Dana,Lempenny,,,,,,Sale Director,,,,,,,,,dlempenny2u@ask.com,,,,,,,,,,,,,,,3,,,,,,,,,,,,,,,,,,,,,,,,,,,,14664,,,,,,,,,,,,,,,,103
104,Arlina Besset,Arlina,Besset,,,,,,Sale Director,,,,,,,,,abesset2v@goodreads.com,,,,,,,,,,,,,,,1,,,,,,,,,,,,,,,,,,,,,,,,,,,,17521,,,,,,,,,,,,,,,,104
105,Ree Sells,Ree,Sells,,,,,,Sale Director,,,,,,,,,rsells2w@miibeian.gov.cn,,,,,,,,,,,,,,,2,,,,,,,,,,,,,,,,,,,,,,,,,,,,16359,,,,,,,,,,,,,,,,105
106,Brantley Persicke,Brantley,Persicke,,,,,,Inside Sales,,,,,,,,,bpersicke2x@google.es,,,,,,,,,,,,,,,3,,,,,,,,,,,,,,,,,,,,,,,,,,,,6074,,,,,,,,,,,,,,,,106
107,Standford Molesworth,Standford,Molesworth,,,,,,Inside Sales,,,,,,,,,smolesworth2y@shareasale.com,,,,,,,,,,,,,,,1,,,,,,,,,,,,,,,,,,,,,,,,,,,,23462,,,,,,,,,,,,,,,,107
108,Kory Caseley,Kory,Caseley,,,,,,Sale Director,,,,,,,,,kcaseley2z@ihg.com,,,,,,,,,,,,,,,3,,,,,,,,,,,,,,,,,,,,,,,,,,,,17028,,,,,,,,,,,,,,,,108
109,Sawyer Sworn,Sawyer,Sworn,,,,,,Sale Director,,,,,,,,,ssworn30@virginia.edu,,,,,,,,,,,,,,,3,,,,,,,,,,,,,,,,,,,,,,,,,,,,8888,,,,,,,,,,,,,,,,109
110,Fidelio Bleazard,Fidelio,Bleazard,,,,,,Inside Sales,,,,,,,,,fbleazard31@thetimes.co.uk,,,,,,,,,,,,,,,2,,,,,,,,,,,,,,,,,,,,,,,,,,,,5112,,,,,,,,,,,,,,,,110
111,Vick Cobain,Vick,Cobain,,,,,,Sale Director,,,,,,,,,vcobain32@springer.com,,,,,,,,,,,,,,,1,,,,,,,,,,,,,,,,,,,,,,,,,,,,1808,,,,,,,,,,,,,,,,111
112,Rafaello Starsmeare,Rafaello,Starsmeare,,,,,,Regional Sales Manager,,,,,,,,,rstarsmeare33@cornell.edu,,,,,,,,,,,,,,,3,,,,,,,,,,,,,,,,,,,,,,,,,,,,7366,,,,,,,,,,,,,,,,112
113,Edgardo Davenell,Edgardo,Davenell,,,,,,Inside Sales,,,,,,,,,edavenell34@google.nl,,,,,,,,,,,,,,,3,,,,,,,,,,,,,,,,,,,,,,,,,,,,14535,,,,,,,,,,,,,,,,113
114,Ardath Livens,Ardath,Livens,,,,,,Regional Sales Manager,,,,,,,,,alivens35@zdnet.com,,,,,,,,,,,,,,,3,,,,,,,,,,,,,,,,,,,,,,,,,,,,12210,,,,,,,,,,,,,,,,114
115,Demetre Crielly,Demetre,Crielly,,,,,,Inside Sales,,,,,,,,,dcrielly36@java.com,,,,,,,,,,,,,,,2,,,,,,,,,,,,,,,,,,,,,,,,,,,,7082,,,,,,,,,,,,,,,,115
116,Marquita Barracks,Marquita,Barracks,,,,,,Inside Sales,,,,,,,,,mbarracks37@oracle.com,,,,,,,,,,,,,,,1,,,,,,,,,,,,,,,,,,,,,,,,,,,,17229,,,,,,,,,,,,,,,,116
117,Clim Stolberg,Clim,Stolberg,,,,,,Inside Sales,,,,,,,,,cstolberg38@blinklist.com,,,,,,,,,,,,,,,2,,,,,,,,,,,,,,,,,,,,,,,,,,,,11552,,,,,,,,,,,,,,,,117
118,Winnie Fayerbrother,Winnie,Fayerbrother,,,,,,Inside Sales,,,,,,,,,wfayerbrother39@free.fr,,,,,,,,,,,,,,,2,,,,,,,,,,,,,,,,,,,,,,,,,,,,5101,,,,,,,,,,,,,,,,118
119,Paige Corbould,Paige,Corbould,,,,,,Inside Sales,,,,,,,,,pcorbould3a@zimbio.com,,,,,,,,,,,,,,,3,,,,,,,,,,,,,,,,,,,,,,,,,,,,4380,,,,,,,,,,,,,,,,119
120,Reinaldo Hannaway,Reinaldo,Hannaway,,,,,,Sale Director,,,,,,,,,rhannaway3b@uiuc.edu,,,,,,,,,,,,,,,3,,,,,,,,,,,,,,,,,,,,,,,,,,,,4595,,,,,,,,,,,,,,,,120
121,Willard Willarton,Willard,Willarton,,,,,,Regional Sales Manager,,,,,,,,,wwillarton3c@drupal.org,,,,,,,,,,,,,,,2,,,,,,,,,,,,,,,,,,,,,,,,,,,,22227,,,,,,,,,,,,,,,,121
122,Michal Van Niekerk,Michal,Van Niekerk,,,,,,Inside Sales,,,,,,,,,mvanniekerk3d@hostgator.com,,,,,,,,,,,,,,,2,,,,,,,,,,,,,,,,,,,,,,,,,,,,3045,,,,,,,,,,,,,,,,122
123,Mahalia Lardez,Mahalia,Lardez,,,,,,Sale Director,,,,,,,,,mlardez3e@friendfeed.com,,,,,,,,,,,,,,,2,,,,,,,,,,,,,,,,,,,,,,,,,,,,15206,,,,,,,,,,,,,,,,123
124,Myranda McCafferty,Myranda,McCafferty,,,,,,Regional Sales Manager,,,,,,,,,mmccafferty3f@nbcnews.com,,,,,,,,,,,,,,,1,,,,,,,,,,,,,,,,,,,,,,,,,,,,2062,,,,,,,,,,,,,,,,124
125,Carmelia Hildred,Carmelia,Hildred,,,,,,Regional Sales Manager,,,,,,,,,childred3g@howstuffworks.com,,,,,,,,,,,,,,,1,,,,,,,,,,,,,,,,,,,,,,,,,,,,801,,,,,,,,,,,,,,,,125
126,Pren Robinette,Pren,Robinette,,,,,,Inside Sales,,,,,,,,,probinette3h@barnesandnoble.com,,,,,,,,,,,,,,,3,,,,,,,,,,,,,,,,,,,,,,,,,,,,7587,,,,,,,,,,,,,,,,126
127,Jacki Itskovitz,Jacki,Itskovitz,,,,,,Sale Director,,,,,,,,,jitskovitz3i@comcast.net,,,,,,,,,,,,,,,1,,,,,,,,,,,,,,,,,,,,,,,,,,,,22928,,,,,,,,,,,,,,,,127
128,Ravi Dyde,Ravi,Dyde,,,,,,Sale Director,,,,,,,,,rdyde3j@youtube.com,,,,,,,,,,,,,,,2,,,,,,,,,,,,,,,,,,,,,,,,,,,,12561,,,,,,,,,,,,,,,,128
129,Hildegaard Pavel,Hildegaard,Pavel,,,,,,Sale Director,,,,,,,,,hpavel3k@biblegateway.com,,,,,,,,,,,,,,,2,,,,,,,,,,,,,,,,,,,,,,,,,,,,1379,,,,,,,,,,,,,,,,129
130,Valenka Danelet,Valenka,Danelet,,,,,,Sale Director,,,,,,,,,vdanelet3l@gov.uk,,,,,,,,,,,,,,,3,,,,,,,,,,,,,,,,,,,,,,,,,,,,8747,,,,,,,,,,,,,,,,130
131,Kayley Schiesterl,Kayley,Schiesterl,,,,,,Regional Sales Manager,,,,,,,,,kschiesterl3m@sphinn.com,,,,,,,,,,,,,,,3,,,,,,,,,,,,,,,,,,,,,,,,,,,,10665,,,,,,,,,,,,,,,,131
132,Ambrosius Lenton,Ambrosius,Lenton,,,,,,Sale Director,,,,,,,,,alenton3n@plala.or.jp,,,,,,,,,,,,,,,1,,,,,,,,,,,,,,,,,,,,,,,,,,,,21049,,,,,,,,,,,,,,,,132
133,Lynde Folan,Lynde,Folan,,,,,,Sale Director,,,,,,,,,lfolan3o@gov.uk,,,,,,,,,,,,,,,2,,,,,,,,,,,,,,,,,,,,,,,,,,,,18498,,,,,,,,,,,,,,,,133
134,Aurore Treece,Aurore,Treece,,,,,,Sale Director,,,,,,,,,atreece3p@google.cn,,,,,,,,,,,,,,,1,,,,,,,,,,,,,,,,,,,,,,,,,,,,4190,,,,,,,,,,,,,,,,134
135,Hershel Licari,Hershel,Licari,,,,,,Inside Sales,,,,,,,,,hlicari3q@i2i.jp,,,,,,,,,,,,,,,2,,,,,,,,,,,,,,,,,,,,,,,,,,,,3992,,,,,,,,,,,,,,,,135
136,Brent Sokill,Brent,Sokill,,,,,,Sale Director,,,,,,,,,bsokill3r@wunderground.com,,,,,,,,,,,,,,,2,,,,,,,,,,,,,,,,,,,,,,,,,,,,13967,,,,,,,,,,,,,,,,136
137,Claudius Brach,Claudius,Brach,,,,,,Inside Sales,,,,,,,,,cbrach3s@hao123.com,,,,,,,,,,,,,,,3,,,,,,,,,,,,,,,,,,,,,,,,,,,,10736,,,,,,,,,,,,,,,,137
138,Eda McKerrow,Eda,McKerrow,,,,,,Inside Sales,,,,,,,,,emckerrow3t@imdb.com,,,,,,,,,,,,,,,1,,,,,,,,,,,,,,,,,,,,,,,,,,,,15966,,,,,,,,,,,,,,,,138
139,Modestia Braunston,Modestia,Braunston,,,,,,Sale Director,,,,,,,,,mbraunston3u@ehow.com,,,,,,,,,,,,,,,3,,,,,,,,,,,,,,,,,,,,,,,,,,,,16562,,,,,,,,,,,,,,,,139
140,Bernete Booler,Bernete,Booler,,,,,,Regional Sales Manager,,,,,,,,,bbooler3v@wiley.com,,,,,,,,,,,,,,,3,,,,,,,,,,,,,,,,,,,,,,,,,,,,19253,,,,,,,,,,,,,,,,140
141,Farley Ferbrache,Farley,Ferbrache,,,,,,Regional Sales Manager,,,,,,,,,fferbrache3w@livejournal.com,,,,,,,,,,,,,,,3,,,,,,,,,,,,,,,,,,,,,,,,,,,,4591,,,,,,,,,,,,,,,,141
142,Raffarty Tollmache,Raffarty,Tollmache,,,,,,Regional Sales Manager,,,,,,,,,rtollmache3x@scientificamerican.com,,,,,,,,,,,,,,,3,,,,,,,,,,,,,,,,,,,,,,,,,,,,21687,,,,,,,,,,,,,,,,142
143,Reid Oliveras,Reid,Oliveras,,,,,,Sale Director,,,,,,,,,roliveras3y@example.com,,,,,,,,,,,,,,,2,,,,,,,,,,,,,,,,,,,,,,,,,,,,15057,,,,,,,,,,,,,,,,143
144,Rufus Baynard,Rufus,Baynard,,,,,,Sale Director,,,,,,,,,rbaynard3z@4shared.com,,,,,,,,,,,,,,,1,,,,,,,,,,,,,,,,,,,,,,,,,,,,7047,,,,,,,,,,,,,,,,144
145,Ora Gove,Ora,Gove,,,,,,Inside Sales,,,,,,,,,ogove40@mail.ru,,,,,,,,,,,,,,,3,,,,,,,,,,,,,,,,,,,,,,,,,,,,6864,,,,,,,,,,,,,,,,145
146,Dell Ferroli,Dell,Ferroli,,,,,,Sale Director,,,,,,,,,dferroli41@google.com.br,,,,,,,,,,,,,,,1,,,,,,,,,,,,,,,,,,,,,,,,,,,,21378,,,,,,,,,,,,,,,,146
147,Dimitry Hallstone,Dimitry,Hallstone,,,,,,Inside Sales,,,,,,,,,dhallstone42@wikispaces.com,,,,,,,,,,,,,,,1,,,,,,,,,,,,,,,,,,,,,,,,,,,,3489,,,,,,,,,,,,,,,,147
148,Welby Bescoby,Welby,Bescoby,,,,,,Sale Director,,,,,,,,,wbescoby43@samsung.com,,,,,,,,,,,,,,,2,,,,,,,,,,,,,,,,,,,,,,,,,,,,13437,,,,,,,,,,,,,,,,148
149,Mirabelle Attwoull,Mirabelle,Attwoull,,,,,,Inside Sales,,,,,,,,,mattwoull44@salon.com,,,,,,,,,,,,,,,2,,,,,,,,,,,,,,,,,,,,,,,,,,,,14574,,,,,,,,,,,,,,,,149
150,Kevan Eggerton,Kevan,Eggerton,,,,,,Regional Sales Manager,,,,,,,,,keggerton45@histats.com,,,,,,,,,,,,,,,1,,,,,,,,,,,,,,,,,,,,,,,,,,,,1635,,,,,,,,,,,,,,,,150
151,Alyosha Flea,Alyosha,Flea,,,,,,Regional Sales Manager,,,,,,,,,aflea46@indiegogo.com,,,,,,,,,,,,,,,1,,,,,,,,,,,,,,,,,,,,,,,,,,,,14895,,,,,,,,,,,,,,,,151
152,Emmalee Chappell,Emmalee,Chappell,,,,,,Sale Director,,,,,,,,,echappell47@e-recht24.de,,,,,,,,,,,,,,,1,,,,,,,,,,,,,,,,,,,,,,,,,,,,9453,,,,,,,,,,,,,,,,152
153,Lavina Jorry,Lavina,Jorry,,,,,,Inside Sales,,,,,,,,,ljorry48@indiegogo.com,,,,,,,,,,,,,,,3,,,,,,,,,,,,,,,,,,,,,,,,,,,,10781,,,,,,,,,,,,,,,,153
154,Mahalia Burland,Mahalia,Burland,,,,,,Sale Director,,,,,,,,,mburland49@indiatimes.com,,,,,,,,,,,,,,,3,,,,,,,,,,,,,,,,,,,,,,,,,,,,1217,,,,,,,,,,,,,,,,154
155,Gualterio MacCosty,Gualterio,MacCosty,,,,,,Inside Sales,,,,,,,,,gmaccosty4a@uiuc.edu,,,,,,,,,,,,,,,2,,,,,,,,,,,,,,,,,,,,,,,,,,,,8545,,,,,,,,,,,,,,,,155
156,Ferdinande Pillans,Ferdinande,Pillans,,,,,,Inside Sales,,,,,,,,,fpillans4b@marketwatch.com,,,,,,,,,,,,,,,1,,,,,,,,,,,,,,,,,,,,,,,,,,,,23495,,,,,,,,,,,,,,,,156
157,Gonzales Drains,Gonzales,Drains,,,,,,Inside Sales,,,,,,,,,gdrains4c@census.gov,,,,,,,,,,,,,,,1,,,,,,,,,,,,,,,,,,,,,,,,,,,,3423,,,,,,,,,,,,,,,,157
158,Yelena Iremonger,Yelena,Iremonger,,,,,,Inside Sales,,,,,,,,,yiremonger4d@bigcartel.com,,,,,,,,,,,,,,,3,,,,,,,,,,,,,,,,,,,,,,,,,,,,16088,,,,,,,,,,,,,,,,158
159,Sibylla Aucoate,Sibylla,Aucoate,,,,,,Sale Director,,,,,,,,,saucoate4e@ucoz.ru,,,,,,,,,,,,,,,3,,,,,,,,,,,,,,,,,,,,,,,,,,,,1460,,,,,,,,,,,,,,,,159
160,Dannie House,Dannie,House,,,,,,Sale Director,,,,,,,,,dhouse4f@ftc.gov,,,,,,,,,,,,,,,2,,,,,,,,,,,,,,,,,,,,,,,,,,,,8525,,,,,,,,,,,,,,,,160
161,Goraud Sirrell,Goraud,Sirrell,,,,,,Regional Sales Manager,,,,,,,,,gsirrell4g@prweb.com,,,,,,,,,,,,,,,2,,,,,,,,,,,,,,,,,,,,,,,,,,,,3285,,,,,,,,,,,,,,,,161
162,Crin Pantlin,Crin,Pantlin,,,,,,Regional Sales Manager,,,,,,,,,cpantlin4h@prnewswire.com,,,,,,,,,,,,,,,2,,,,,,,,,,,,,,,,,,,,,,,,,,,,9133,,,,,,,,,,,,,,,,162
163,Delainey Waddy,Delainey,Waddy,,,,,,Inside Sales,,,,,,,,,dwaddy4i@slashdot.org,,,,,,,,,,,,,,,3,,,,,,,,,,,,,,,,,,,,,,,,,,,,19543,,,,,,,,,,,,,,,,163
164,Joy Collomosse,Joy,Collomosse,,,,,,Regional Sales Manager,,,,,,,,,jcollomosse4j@dropbox.com,,,,,,,,,,,,,,,2,,,,,,,,,,,,,,,,,,,,,,,,,,,,9041,,,,,,,,,,,,,,,,164
165,Suzie Gerholz,Suzie,Gerholz,,,,,,Inside Sales,,,,,,,,,sgerholz4k@163.com,,,,,,,,,,,,,,,3,,,,,,,,,,,,,,,,,,,,,,,,,,,,10077,,,,,,,,,,,,,,,,165
166,Emyle Maunder,Emyle,Maunder,,,,,,Regional Sales Manager,,,,,,,,,emaunder4l@census.gov,,,,,,,,,,,,,,,3,,,,,,,,,,,,,,,,,,,,,,,,,,,,12336,,,,,,,,,,,,,,,,166
167,Hildegaard MacAloren,Hildegaard,MacAloren,,,,,,Inside Sales,,,,,,,,,hmacaloren4m@jugem.jp,,,,,,,,,,,,,,,1,,,,,,,,,,,,,,,,,,,,,,,,,,,,5375,,,,,,,,,,,,,,,,167
168,Amabel Philipart,Amabel,Philipart,,,,,,Sale Director,,,,,,,,,aphilipart4n@cnn.com,,,,,,,,,,,,,,,2,,,,,,,,,,,,,,,,,,,,,,,,,,,,14766,,,,,,,,,,,,,,,,168
169,Tammara Rappport,Tammara,Rappport,,,,,,Inside Sales,,,,,,,,,trappport4o@newyorker.com,,,,,,,,,,,,,,,1,,,,,,,,,,,,,,,,,,,,,,,,,,,,8042,,,,,,,,,,,,,,,,169
170,Jsandye Innett,Jsandye,Innett,,,,,,Regional Sales Manager,,,,,,,,,jinnett4p@a8.net,,,,,,,,,,,,,,,1,,,,,,,,,,,,,,,,,,,,,,,,,,,,22140,,,,,,,,,,,,,,,,170
171,Jerrylee Minillo,Jerrylee,Minillo,,,,,,Sale Director,,,,,,,,,jminillo4q@pinterest.com,,,,,,,,,,,,,,,2,,,,,,,,,,,,,,,,,,,,,,,,,,,,11716,,,,,,,,,,,,,,,,171
172,Allison Revel,Allison,Revel,,,,,,Regional Sales Manager,,,,,,,,,arevel4r@sfgate.com,,,,,,,,,,,,,,,2,,,,,,,,,,,,,,,,,,,,,,,,,,,,19819,,,,,,,,,,,,,,,,172
173,Gawain Spikins,Gawain,Spikins,,,,,,Regional Sales Manager,,,,,,,,,gspikins4s@bluehost.com,,,,,,,,,,,,,,,1,,,,,,,,,,,,,,,,,,,,,,,,,,,,4504,,,,,,,,,,,,,,,,173
174,Pepe Dicty,Pepe,Dicty,,,,,,Regional Sales Manager,,,,,,,,,pdicty4t@japanpost.jp,,,,,,,,,,,,,,,1,,,,,,,,,,,,,,,,,,,,,,,,,,,,2644,,,,,,,,,,,,,,,,174
175,Lauren Pointin,Lauren,Pointin,,,,,,Inside Sales,,,,,,,,,lpointin4u@t-online.de,,,,,,,,,,,,,,,3,,,,,,,,,,,,,,,,,,,,,,,,,,,,15878,,,,,,,,,,,,,,,,175
176,Panchito Dunford,Panchito,Dunford,,,,,,Inside Sales,,,,,,,,,pdunford4v@hatena.ne.jp,,,,,,,,,,,,,,,3,,,,,,,,,,,,,,,,,,,,,,,,,,,,272,,,,,,,,,,,,,,,,176
177,Jonis Shirtcliffe,Jonis,Shirtcliffe,,,,,,Sale Director,,,,,,,,,jshirtcliffe4w@nps.gov,,,,,,,,,,,,,,,1,,,,,,,,,,,,,,,,,,,,,,,,,,,,21782,,,,,,,,,,,,,,,,177
178,Rikki Espinha,Rikki,Espinha,,,,,,Sale Director,,,,,,,,,respinha4x@oaic.gov.au,,,,,,,,,,,,,,,1,,,,,,,,,,,,,,,,,,,,,,,,,,,,3674,,,,,,,,,,,,,,,,178
179,Bessy Ketchaside,Bessy,Ketchaside,,,,,,Regional Sales Manager,,,,,,,,,bketchaside4y@cbc.ca,,,,,,,,,,,,,,,1,,,,,,,,,,,,,,,,,,,,,,,,,,,,3254,,,,,,,,,,,,,,,,179
180,Cyrus Piborn,Cyrus,Piborn,,,,,,Inside Sales,,,,,,,,,cpiborn4z@wiley.com,,,,,,,,,,,,,,,2,,,,,,,,,,,,,,,,,,,,,,,,,,,,1758,,,,,,,,,,,,,,,,180
181,Kissee Westman,Kissee,Westman,,,,,,Inside Sales,,,,,,,,,kwestman50@creativecommons.org,,,,,,,,,,,,,,,2,,,,,,,,,,,,,,,,,,,,,,,,,,,,14484,,,,,,,,,,,,,,,,181
182,Marni Rossiter,Marni,Rossiter,,,,,,Inside Sales,,,,,,,,,mrossiter51@ibm.com,,,,,,,,,,,,,,,1,,,,,,,,,,,,,,,,,,,,,,,,,,,,7847,,,,,,,,,,,,,,,,182
183,Wylie Moniker,Wylie,Moniker,,,,,,Regional Sales Manager,,,,,,,,,wmoniker52@who.int,,,,,,,,,,,,,,,2,,,,,,,,,,,,,,,,,,,,,,,,,,,,6422,,,,,,,,,,,,,,,,183
184,Shoshanna Ottery,Shoshanna,Ottery,,,,,,Inside Sales,,,,,,,,,sottery53@sitemeter.com,,,,,,,,,,,,,,,1,,,,,,,,,,,,,,,,,,,,,,,,,,,,4478,,,,,,,,,,,,,,,,184
185,Moreen Gazzard,Moreen,Gazzard,,,,,,Sale Director,,,,,,,,,mgazzard54@dell.com,,,,,,,,,,,,,,,2,,,,,,,,,,,,,,,,,,,,,,,,,,,,10775,,,,,,,,,,,,,,,,185
186,Tremaine McCrudden,Tremaine,McCrudden,,,,,,Sale Director,,,,,,,,,tmccrudden55@linkedin.com,,,,,,,,,,,,,,,3,,,,,,,,,,,,,,,,,,,,,,,,,,,,5861,,,,,,,,,,,,,,,,186
187,Gustave Orford,Gustave,Orford,,,,,,Inside Sales,,,,,,,,,gorford56@dion.ne.jp,,,,,,,,,,,,,,,2,,,,,,,,,,,,,,,,,,,,,,,,,,,,22519,,,,,,,,,,,,,,,,187
188,Pieter Clyburn,Pieter,Clyburn,,,,,,Regional Sales Manager,,,,,,,,,pclyburn57@surveymonkey.com,,,,,,,,,,,,,,,2,,,,,,,,,,,,,,,,,,,,,,,,,,,,18421,,,,,,,,,,,,,,,,188
189,Cord Sikorsky,Cord,Sikorsky,,,,,,Inside Sales,,,,,,,,,csikorsky58@timesonline.co.uk,,,,,,,,,,,,,,,2,,,,,,,,,,,,,,,,,,,,,,,,,,,,22799,,,,,,,,,,,,,,,,189
190,Trevar Jansema,Trevar,Jansema,,,,,,Sale Director,,,,,,,,,tjansema59@pen.io,,,,,,,,,,,,,,,1,,,,,,,,,,,,,,,,,,,,,,,,,,,,22557,,,,,,,,,,,,,,,,190
191,Sigismond Ever,Sigismond,Ever,,,,,,Inside Sales,,,,,,,,,sever5a@myspace.com,,,,,,,,,,,,,,,3,,,,,,,,,,,,,,,,,,,,,,,,,,,,17287,,,,,,,,,,,,,,,,191
192,Alexis Blacktin,Alexis,Blacktin,,,,,,Sale Director,,,,,,,,,ablacktin5b@spotify.com,,,,,,,,,,,,,,,1,,,,,,,,,,,,,,,,,,,,,,,,,,,,4249,,,,,,,,,,,,,,,,192
193,Ashlee Turri,Ashlee,Turri,,,,,,Sale Director,,,,,,,,,aturri5c@europa.eu,,,,,,,,,,,,,,,3,,,,,,,,,,,,,,,,,,,,,,,,,,,,19358,,,,,,,,,,,,,,,,193
194,Ottilie Worner,Ottilie,Worner,,,,,,Sale Director,,,,,,,,,oworner5d@baidu.com,,,,,,,,,,,,,,,1,,,,,,,,,,,,,,,,,,,,,,,,,,,,17492,,,,,,,,,,,,,,,,194
195,Isa Lithgow,Isa,Lithgow,,,,,,Regional Sales Manager,,,,,,,,,ilithgow5e@stumbleupon.com,,,,,,,,,,,,,,,2,,,,,,,,,,,,,,,,,,,,,,,,,,,,666,,,,,,,,,,,,,,,,195
196,Ara Dedenham,Ara,Dedenham,,,,,,Sale Director,,,,,,,,,adedenham5f@is.gd,,,,,,,,,,,,,,,3,,,,,,,,,,,,,,,,,,,,,,,,,,,,10916,,,,,,,,,,,,,,,,196
197,Enrica Balch,Enrica,Balch,,,,,,Sale Director,,,,,,,,,ebalch5g@gizmodo.com,,,,,,,,,,,,,,,1,,,,,,,,,,,,,,,,,,,,,,,,,,,,9968,,,,,,,,,,,,,,,,197
198,Dania Gorrick,Dania,Gorrick,,,,,,Sale Director,,,,,,,,,dgorrick5h@usgs.gov,,,,,,,,,,,,,,,1,,,,,,,,,,,,,,,,,,,,,,,,,,,,3439,,,,,,,,,,,,,,,,198
199,Suzette Robb,Suzette,Robb,,,,,,Sale Director,,,,,,,,,srobb5i@samsung.com,,,,,,,,,,,,,,,3,,,,,,,,,,,,,,,,,,,,,,,,,,,,8577,,,,,,,,,,,,,,,,199
200,Alaster Deverell,Alaster,Deverell,,,,,,Inside Sales,,,,,,,,,adeverell5j@sitemeter.com,,,,,,,,,,,,,,,3,,,,,,,,,,,,,,,,,,,,,,,,,,,,18551,,,,,,,,,,,,,,,,200
201,Consalve Armor,Consalve,Armor,,,,,,Inside Sales,,,,,,,,,carmor5k@unblog.fr,,,,,,,,,,,,,,,1,,,,,,,,,,,,,,,,,,,,,,,,,,,,20419,,,,,,,,,,,,,,,,201
202,Prudence Kuban,Prudence,Kuban,,,,,,Inside Sales,,,,,,,,,pkuban5l@tripadvisor.com,,,,,,,,,,,,,,,1,,,,,,,,,,,,,,,,,,,,,,,,,,,,5259,,,,,,,,,,,,,,,,202
203,Debi Rosenkrantz,Debi,Rosenkrantz,,,,,,Sale Director,,,,,,,,,drosenkrantz5m@army.mil,,,,,,,,,,,,,,,3,,,,,,,,,,,,,,,,,,,,,,,,,,,,3339,,,,,,,,,,,,,,,,203
204,Clay Perfect,Clay,Perfect,,,,,,Sale Director,,,,,,,,,cperfect5n@sciencedirect.com,,,,,,,,,,,,,,,3,,,,,,,,,,,,,,,,,,,,,,,,,,,,19199,,,,,,,,,,,,,,,,204
205,Jaymie Brookz,Jaymie,Brookz,,,,,,Regional Sales Manager,,,,,,,,,jbrookz5o@businesswire.com,,,,,,,,,,,,,,,3,,,,,,,,,,,,,,,,,,,,,,,,,,,,7776,,,,,,,,,,,,,,,,205
206,Dianne Beszant,Dianne,Beszant,,,,,,Regional Sales Manager,,,,,,,,,dbeszant5p@mac.com,,,,,,,,,,,,,,,1,,,,,,,,,,,,,,,,,,,,,,,,,,,,11833,,,,,,,,,,,,,,,,206
207,Skell O' Mulderrig,Skell,O' Mulderrig,,,,,,Inside Sales,,,,,,,,,somulderrig5q@redcross.org,,,,,,,,,,,,,,,3,,,,,,,,,,,,,,,,,,,,,,,,,,,,8493,,,,,,,,,,,,,,,,207
208,Thorny Blacksland,Thorny,Blacksland,,,,,,Regional Sales Manager,,,,,,,,,tblacksland5r@amazonaws.com,,,,,,,,,,,,,,,2,,,,,,,,,,,,,,,,,,,,,,,,,,,,7749,,,,,,,,,,,,,,,,208
209,Shurlock Oldale,Shurlock,Oldale,,,,,,Sale Director,,,,,,,,,soldale5s@uiuc.edu,,,,,,,,,,,,,,,2,,,,,,,,,,,,,,,,,,,,,,,,,,,,24717,,,,,,,,,,,,,,,,209
210,Wake Whitelock,Wake,Whitelock,,,,,,Regional Sales Manager,,,,,,,,,wwhitelock5t@opensource.org,,,,,,,,,,,,,,,2,,,,,,,,,,,,,,,,,,,,,,,,,,,,17444,,,,,,,,,,,,,,,,210
211,Bea Ceaplen,Bea,Ceaplen,,,,,,Regional Sales Manager,,,,,,,,,bceaplen5u@rakuten.co.jp,,,,,,,,,,,,,,,3,,,,,,,,,,,,,,,,,,,,,,,,,,,,15556,,,,,,,,,,,,,,,,211
212,Martha Grishkov,Martha,Grishkov,,,,,,Regional Sales Manager,,,,,,,,,mgrishkov5v@uol.com.br,,,,,,,,,,,,,,,3,,,,,,,,,,,,,,,,,,,,,,,,,,,,20757,,,,,,,,,,,,,,,,212
213,Ame Izkovitz,Ame,Izkovitz,,,,,,Inside Sales,,,,,,,,,aizkovitz5w@wikipedia.org,,,,,,,,,,,,,,,2,,,,,,,,,,,,,,,,,,,,,,,,,,,,5270,,,,,,,,,,,,,,,,213
214,Dedie Schuchmacher,Dedie,Schuchmacher,,,,,,Inside Sales,,,,,,,,,dschuchmacher5x@ycombinator.com,,,,,,,,,,,,,,,2,,,,,,,,,,,,,,,,,,,,,,,,,,,,18411,,,,,,,,,,,,,,,,214
215,Florie Andrivot,Florie,Andrivot,,,,,,Inside Sales,,,,,,,,,fandrivot5y@furl.net,,,,,,,,,,,,,,,1,,,,,,,,,,,,,,,,,,,,,,,,,,,,22487,,,,,,,,,,,,,,,,215
216,Joanne Dishman,Joanne,Dishman,,,,,,Inside Sales,,,,,,,,,jdishman5z@icq.com,,,,,,,,,,,,,,,2,,,,,,,,,,,,,,,,,,,,,,,,,,,,6563,,,,,,,,,,,,,,,,216
217,Burt Spinelli,Burt,Spinelli,,,,,,Sale Director,,,,,,,,,bspinelli60@columbia.edu,,,,,,,,,,,,,,,3,,,,,,,,,,,,,,,,,,,,,,,,,,,,4860,,,,,,,,,,,,,,,,217
218,Cally Wrotchford,Cally,Wrotchford,,,,,,Inside Sales,,,,,,,,,cwrotchford61@rakuten.co.jp,,,,,,,,,,,,,,,3,,,,,,,,,,,,,,,,,,,,,,,,,,,,266,,,,,,,,,,,,,,,,218
219,Lucky Wattisham,Lucky,Wattisham,,,,,,Sale Director,,,,,,,,,lwattisham62@foxnews.com,,,,,,,,,,,,,,,3,,,,,,,,,,,,,,,,,,,,,,,,,,,,7908,,,,,,,,,,,,,,,,219
220,Odelia Yashunin,Odelia,Yashunin,,,,,,Regional Sales Manager,,,,,,,,,oyashunin63@mail.ru,,,,,,,,,,,,,,,1,,,,,,,,,,,,,,,,,,,,,,,,,,,,11841,,,,,,,,,,,,,,,,220
221,Ramsay Tuhy,Ramsay,Tuhy,,,,,,Inside Sales,,,,,,,,,rtuhy64@newyorker.com,,,,,,,,,,,,,,,3,,,,,,,,,,,,,,,,,,,,,,,,,,,,21130,,,,,,,,,,,,,,,,221
222,Shelley Sichardt,Shelley,Sichardt,,,,,,Sale Director,,,,,,,,,ssichardt65@flavors.me,,,,,,,,,,,,,,,3,,,,,,,,,,,,,,,,,,,,,,,,,,,,16414,,,,,,,,,,,,,,,,222
223,Kendal Burkitt,Kendal,Burkitt,,,,,,Sale Director,,,,,,,,,kburkitt66@buzzfeed.com,,,,,,,,,,,,,,,1,,,,,,,,,,,,,,,,,,,,,,,,,,,,14328,,,,,,,,,,,,,,,,223
224,Jenn Jewitt,Jenn,Jewitt,,,,,,Sale Director,,,,,,,,,jjewitt67@xing.com,,,,,,,,,,,,,,,2,,,,,,,,,,,,,,,,,,,,,,,,,,,,19819,,,,,,,,,,,,,,,,224
225,Jared Abramowitch,Jared,Abramowitch,,,,,,Regional Sales Manager,,,,,,,,,jabramowitch68@exblog.jp,,,,,,,,,,,,,,,1,,,,,,,,,,,,,,,,,,,,,,,,,,,,24016,,,,,,,,,,,,,,,,225
226,Darrell Nathon,Darrell,Nathon,,,,,,Regional Sales Manager,,,,,,,,,dnathon69@hibu.com,,,,,,,,,,,,,,,1,,,,,,,,,,,,,,,,,,,,,,,,,,,,685,,,,,,,,,,,,,,,,226
227,Terese Medler,Terese,Medler,,,,,,Sale Director,,,,,,,,,tmedler6a@census.gov,,,,,,,,,,,,,,,3,,,,,,,,,,,,,,,,,,,,,,,,,,,,10292,,,,,,,,,,,,,,,,227
228,Fanechka Penning,Fanechka,Penning,,,,,,Sale Director,,,,,,,,,fpenning6b@house.gov,,,,,,,,,,,,,,,3,,,,,,,,,,,,,,,,,,,,,,,,,,,,21088,,,,,,,,,,,,,,,,228
229,Giacobo Barstowk,Giacobo,Barstowk,,,,,,Regional Sales Manager,,,,,,,,,gbarstowk6c@sourceforge.net,,,,,,,,,,,,,,,1,,,,,,,,,,,,,,,,,,,,,,,,,,,,19348,,,,,,,,,,,,,,,,229
230,Baxie Moubray,Baxie,Moubray,,,,,,Regional Sales Manager,,,,,,,,,bmoubray6d@dailymail.co.uk,,,,,,,,,,,,,,,2,,,,,,,,,,,,,,,,,,,,,,,,,,,,13994,,,,,,,,,,,,,,,,230
231,Othilia Rangall,Othilia,Rangall,,,,,,Regional Sales Manager,,,,,,,,,orangall6e@imgur.com,,,,,,,,,,,,,,,2,,,,,,,,,,,,,,,,,,,,,,,,,,,,14652,,,,,,,,,,,,,,,,231
232,Gwenny Johantges,Gwenny,Johantges,,,,,,Inside Sales,,,,,,,,,gjohantges6f@jugem.jp,,,,,,,,,,,,,,,3,,,,,,,,,,,,,,,,,,,,,,,,,,,,19543,,,,,,,,,,,,,,,,232
233,Silvio Messitt,Silvio,Messitt,,,,,,Inside Sales,,,,,,,,,smessitt6g@mysql.com,,,,,,,,,,,,,,,3,,,,,,,,,,,,,,,,,,,,,,,,,,,,21382,,,,,,,,,,,,,,,,233
234,Maddie Sprasen,Maddie,Sprasen,,,,,,Sale Director,,,,,,,,,msprasen6h@oracle.com,,,,,,,,,,,,,,,2,,,,,,,,,,,,,,,,,,,,,,,,,,,,1393,,,,,,,,,,,,,,,,234
235,Brigham Archdeckne,Brigham,Archdeckne,,,,,,Sale Director,,,,,,,,,barchdeckne6i@w3.org,,,,,,,,,,,,,,,1,,,,,,,,,,,,,,,,,,,,,,,,,,,,11105,,,,,,,,,,,,,,,,235
236,Ardelle Paeckmeyer,Ardelle,Paeckmeyer,,,,,,Regional Sales Manager,,,,,,,,,apaeckmeyer6j@sogou.com,,,,,,,,,,,,,,,3,,,,,,,,,,,,,,,,,,,,,,,,,,,,19793,,,,,,,,,,,,,,,,236
237,Casey Adshede,Casey,Adshede,,,,,,Sale Director,,,,,,,,,cadshede6k@shop-pro.jp,,,,,,,,,,,,,,,2,,,,,,,,,,,,,,,,,,,,,,,,,,,,9671,,,,,,,,,,,,,,,,237
238,Candis Eagell,Candis,Eagell,,,,,,Sale Director,,,,,,,,,ceagell6l@delicious.com,,,,,,,,,,,,,,,3,,,,,,,,,,,,,,,,,,,,,,,,,,,,15334,,,,,,,,,,,,,,,,238
239,Tessa Farnin,Tessa,Farnin,,,,,,Regional Sales Manager,,,,,,,,,tfarnin6m@google.it,,,,,,,,,,,,,,,3,,,,,,,,,,,,,,,,,,,,,,,,,,,,4657,,,,,,,,,,,,,,,,239
240,Amanda Wagge,Amanda,Wagge,,,,,,Inside Sales,,,,,,,,,awagge6n@i2i.jp,,,,,,,,,,,,,,,3,,,,,,,,,,,,,,,,,,,,,,,,,,,,12421,,,,,,,,,,,,,,,,240
241,Cullin Hebson,Cullin,Hebson,,,,,,Inside Sales,,,,,,,,,chebson6o@goodreads.com,,,,,,,,,,,,,,,3,,,,,,,,,,,,,,,,,,,,,,,,,,,,20008,,,,,,,,,,,,,,,,241
242,Dita Willeman,Dita,Willeman,,,,,,Sale Director,,,,,,,,,dwilleman6p@godaddy.com,,,,,,,,,,,,,,,3,,,,,,,,,,,,,,,,,,,,,,,,,,,,24311,,,,,,,,,,,,,,,,242
243,Blake Dwyer,Blake,Dwyer,,,,,,Regional Sales Manager,,,,,,,,,bdwyer6q@aboutads.info,,,,,,,,,,,,,,,2,,,,,,,,,,,,,,,,,,,,,,,,,,,,10518,,,,,,,,,,,,,,,,243
244,Sandy McCalister,Sandy,McCalister,,,,,,Inside Sales,,,,,,,,,smccalister6r@state.tx.us,,,,,,,,,,,,,,,3,,,,,,,,,,,,,,,,,,,,,,,,,,,,8464,,,,,,,,,,,,,,,,244
245,Bette-ann Murfill,Bette-ann,Murfill,,,,,,Sale Director,,,,,,,,,bmurfill6s@comcast.net,,,,,,,,,,,,,,,2,,,,,,,,,,,,,,,,,,,,,,,,,,,,4343,,,,,,,,,,,,,,,,245
246,Tirrell Farenden,Tirrell,Farenden,,,,,,Inside Sales,,,,,,,,,tfarenden6t@blog.com,,,,,,,,,,,,,,,2,,,,,,,,,,,,,,,,,,,,,,,,,,,,6331,,,,,,,,,,,,,,,,246
247,Kattie Shinner,Kattie,Shinner,,,,,,Regional Sales Manager,,,,,,,,,kshinner6u@bravesites.com,,,,,,,,,,,,,,,2,,,,,,,,,,,,,,,,,,,,,,,,,,,,7764,,,,,,,,,,,,,,,,247
248,Riva Cragg,Riva,Cragg,,,,,,Regional Sales Manager,,,,,,,,,rcragg6v@wikispaces.com,,,,,,,,,,,,,,,3,,,,,,,,,,,,,,,,,,,,,,,,,,,,21309,,,,,,,,,,,,,,,,248
249,Alecia Hawkes,Alecia,Hawkes,,,,,,Sale Director,,,,,,,,,ahawkes6w@pinterest.com,,,,,,,,,,,,,,,2,,,,,,,,,,,,,,,,,,,,,,,,,,,,13650,,,,,,,,,,,,,,,,249
250,Ashla Lerohan,Ashla,Lerohan,,,,,,Sale Director,,,,,,,,,alerohan6x@oracle.com,,,,,,,,,,,,,,,1,,,,,,,,,,,,,,,,,,,,,,,,,,,,3450,,,,,,,,,,,,,,,,250
251,Archibaldo Fleis,Archibaldo,Fleis,,,,,,Inside Sales,,,,,,,,,afleis6y@is.gd,,,,,,,,,,,,,,,3,,,,,,,,,,,,,,,,,,,,,,,,,,,,5087,,,,,,,,,,,,,,,,251
252,Juliann Muddicliffe,Juliann,Muddicliffe,,,,,,Sale Director,,,,,,,,,jmuddicliffe6z@dedecms.com,,,,,,,,,,,,,,,2,,,,,,,,,,,,,,,,,,,,,,,,,,,,2212,,,,,,,,,,,,,,,,252
253,Adele Morrant,Adele,Morrant,,,,,,Sale Director,,,,,,,,,amorrant70@nbcnews.com,,,,,,,,,,,,,,,1,,,,,,,,,,,,,,,,,,,,,,,,,,,,7824,,,,,,,,,,,,,,,,253
254,Beilul Bortolozzi,Beilul,Bortolozzi,,,,,,Regional Sales Manager,,,,,,,,,bbortolozzi71@kickstarter.com,,,,,,,,,,,,,,,1,,,,,,,,,,,,,,,,,,,,,,,,,,,,2957,,,,,,,,,,,,,,,,254
255,Corby Have,Corby,Have,,,,,,Regional Sales Manager,,,,,,,,,chave72@sphinn.com,,,,,,,,,,,,,,,2,,,,,,,,,,,,,,,,,,,,,,,,,,,,267,,,,,,,,,,,,,,,,255
256,Karlen Cochern,Karlen,Cochern,,,,,,Sale Director,,,,,,,,,kcochern73@hp.com,,,,,,,,,,,,,,,3,,,,,,,,,,,,,,,,,,,,,,,,,,,,20774,,,,,,,,,,,,,,,,256
257,Dilly Wheelband,Dilly,Wheelband,,,,,,Regional Sales Manager,,,,,,,,,dwheelband74@auda.org.au,,,,,,,,,,,,,,,3,,,,,,,,,,,,,,,,,,,,,,,,,,,,17432,,,,,,,,,,,,,,,,257
258,Sibylla Grahlman,Sibylla,Grahlman,,,,,,Sale Director,,,,,,,,,sgrahlman75@msu.edu,,,,,,,,,,,,,,,3,,,,,,,,,,,,,,,,,,,,,,,,,,,,20013,,,,,,,,,,,,,,,,258
259,Dore Cawtheray,Dore,Cawtheray,,,,,,Sale Director,,,,,,,,,dcawtheray76@zimbio.com,,,,,,,,,,,,,,,2,,,,,,,,,,,,,,,,,,,,,,,,,,,,96,,,,,,,,,,,,,,,,259
260,Peria MacNeely,Peria,MacNeely,,,,,,Regional Sales Manager,,,,,,,,,pmacneely77@ustream.tv,,,,,,,,,,,,,,,1,,,,,,,,,,,,,,,,,,,,,,,,,,,,4816,,,,,,,,,,,,,,,,260
261,Evonne Baltrushaitis,Evonne,Baltrushaitis,,,,,,Regional Sales Manager,,,,,,,,,ebaltrushaitis78@so-net.ne.jp,,,,,,,,,,,,,,,2,,,,,,,,,,,,,,,,,,,,,,,,,,,,12336,,,,,,,,,,,,,,,,261
262,Gerta Averill,Gerta,Averill,,,,,,Regional Sales Manager,,,,,,,,,gaverill79@oaic.gov.au,,,,,,,,,,,,,,,1,,,,,,,,,,,,,,,,,,,,,,,,,,,,15997,,,,,,,,,,,,,,,,262
263,Shell Menicomb,Shell,Menicomb,,,,,,Sale Director,,,,,,,,,smenicomb7a@eventbrite.com,,,,,,,,,,,,,,,2,,,,,,,,,,,,,,,,,,,,,,,,,,,,17752,,,,,,,,,,,,,,,,263
264,Cobby Atwel,Cobby,Atwel,,,,,,Sale Director,,,,,,,,,catwel7b@pen.io,,,,,,,,,,,,,,,1,,,,,,,,,,,,,,,,,,,,,,,,,,,,22264,,,,,,,,,,,,,,,,264
265,Ruy Standering,Ruy,Standering,,,,,,Sale Director,,,,,,,,,rstandering7c@feedburner.com,,,,,,,,,,,,,,,1,,,,,,,,,,,,,,,,,,,,,,,,,,,,15558,,,,,,,,,,,,,,,,265
266,Fraze William,Fraze,William,,,,,,Sale Director,,,,,,,,,fwilliam7d@usgs.gov,,,,,,,,,,,,,,,1,,,,,,,,,,,,,,,,,,,,,,,,,,,,9806,,,,,,,,,,,,,,,,266
267,Robb Simons,Robb,Simons,,,,,,Sale Director,,,,,,,,,rsimons7e@csmonitor.com,,,,,,,,,,,,,,,2,,,,,,,,,,,,,,,,,,,,,,,,,,,,9874,,,,,,,,,,,,,,,,267
268,Augusto Rassmann,Augusto,Rassmann,,,,,,Sale Director,,,,,,,,,arassmann7f@state.tx.us,,,,,,,,,,,,,,,2,,,,,,,,,,,,,,,,,,,,,,,,,,,,9518,,,,,,,,,,,,,,,,268
269,Cordell Rosborough,Cordell,Rosborough,,,,,,Inside Sales,,,,,,,,,crosborough7g@cnet.com,,,,,,,,,,,,,,,2,,,,,,,,,,,,,,,,,,,,,,,,,,,,23897,,,,,,,,,,,,,,,,269
270,Etty Donson,Etty,Donson,,,,,,Regional Sales Manager,,,,,,,,,edonson7h@nymag.com,,,,,,,,,,,,,,,2,,,,,,,,,,,,,,,,,,,,,,,,,,,,17631,,,,,,,,,,,,,,,,270
271,Reuben Finneran,Reuben,Finneran,,,,,,Regional Sales Manager,,,,,,,,,rfinneran7i@devhub.com,,,,,,,,,,,,,,,2,,,,,,,,,,,,,,,,,,,,,,,,,,,,22248,,,,,,,,,,,,,,,,271
272,Base Morican,Base,Morican,,,,,,Sale Director,,,,,,,,,bmorican7j@artisteer.com,,,,,,,,,,,,,,,3,,,,,,,,,,,,,,,,,,,,,,,,,,,,1747,,,,,,,,,,,,,,,,272
273,Myra Beagley,Myra,Beagley,,,,,,Regional Sales Manager,,,,,,,,,mbeagley7k@weebly.com,,,,,,,,,,,,,,,1,,,,,,,,,,,,,,,,,,,,,,,,,,,,15639,,,,,,,,,,,,,,,,273
274,Tommy Micallef,Tommy,Micallef,,,,,,Regional Sales Manager,,,,,,,,,tmicallef7l@reddit.com,,,,,,,,,,,,,,,3,,,,,,,,,,,,,,,,,,,,,,,,,,,,15263,,,,,,,,,,,,,,,,274
275,Axel Ensley,Axel,Ensley,,,,,,Inside Sales,,,,,,,,,aensley7m@hao123.com,,,,,,,,,,,,,,,3,,,,,,,,,,,,,,,,,,,,,,,,,,,,5817,,,,,,,,,,,,,,,,275
276,Any Tchir,Any,Tchir,,,,,,Sale Director,,,,,,,,,atchir7n@issuu.com,,,,,,,,,,,,,,,3,,,,,,,,,,,,,,,,,,,,,,,,,,,,4548,,,,,,,,,,,,,,,,276
277,Charla Narramor,Charla,Narramor,,,,,,Inside Sales,,,,,,,,,cnarramor7o@webmd.com,,,,,,,,,,,,,,,3,,,,,,,,,,,,,,,,,,,,,,,,,,,,2197,,,,,,,,,,,,,,,,277
278,Charissa Edgerly,Charissa,Edgerly,,,,,,Inside Sales,,,,,,,,,cedgerly7p@live.com,,,,,,,,,,,,,,,2,,,,,,,,,,,,,,,,,,,,,,,,,,,,1324,,,,,,,,,,,,,,,,278
279,Lukas Melledy,Lukas,Melledy,,,,,,Sale Director,,,,,,,,,lmelledy7q@samsung.com,,,,,,,,,,,,,,,2,,,,,,,,,,,,,,,,,,,,,,,,,,,,3272,,,,,,,,,,,,,,,,279
280,Rochette Christie,Rochette,Christie,,,,,,Sale Director,,,,,,,,,rchristie7r@shutterfly.com,,,,,,,,,,,,,,,2,,,,,,,,,,,,,,,,,,,,,,,,,,,,13897,,,,,,,,,,,,,,,,280
281,Yardley Mayall,Yardley,Mayall,,,,,,Inside Sales,,,,,,,,,ymayall7s@wikia.com,,,,,,,,,,,,,,,3,,,,,,,,,,,,,,,,,,,,,,,,,,,,10409,,,,,,,,,,,,,,,,281
282,Gussy Hanalan,Gussy,Hanalan,,,,,,Inside Sales,,,,,,,,,ghanalan7t@timesonline.co.uk,,,,,,,,,,,,,,,1,,,,,,,,,,,,,,,,,,,,,,,,,,,,6600,,,,,,,,,,,,,,,,282
283,Geri Durrett,Geri,Durrett,,,,,,Inside Sales,,,,,,,,,gdurrett7u@unc.edu,,,,,,,,,,,,,,,2,,,,,,,,,,,,,,,,,,,,,,,,,,,,2715,,,,,,,,,,,,,,,,283
284,Candis Coniff,Candis,Coniff,,,,,,Sale Director,,,,,,,,,cconiff7v@state.gov,,,,,,,,,,,,,,,3,,,,,,,,,,,,,,,,,,,,,,,,,,,,17445,,,,,,,,,,,,,,,,284
285,Sharai Whitlaw,Sharai,Whitlaw,,,,,,Inside Sales,,,,,,,,,swhitlaw7w@yandex.ru,,,,,,,,,,,,,,,3,,,,,,,,,,,,,,,,,,,,,,,,,,,,8981,,,,,,,,,,,,,,,,285
286,Lilla Tinner,Lilla,Tinner,,,,,,Regional Sales Manager,,,,,,,,,ltinner7x@reuters.com,,,,,,,,,,,,,,,1,,,,,,,,,,,,,,,,,,,,,,,,,,,,24495,,,,,,,,,,,,,,,,286
287,Innis Sycamore,Innis,Sycamore,,,,,,Sale Director,,,,,,,,,isycamore7y@wordpress.org,,,,,,,,,,,,,,,2,,,,,,,,,,,,,,,,,,,,,,,,,,,,19383,,,,,,,,,,,,,,,,287
288,Cinda Rickardsson,Cinda,Rickardsson,,,,,,Inside Sales,,,,,,,,,crickardsson7z@360.cn,,,,,,,,,,,,,,,3,,,,,,,,,,,,,,,,,,,,,,,,,,,,4456,,,,,,,,,,,,,,,,288
289,Trudey Astlet,Trudey,Astlet,,,,,,Inside Sales,,,,,,,,,tastlet80@ask.com,,,,,,,,,,,,,,,3,,,,,,,,,,,,,,,,,,,,,,,,,,,,7432,,,,,,,,,,,,,,,,289
290,Sadella Antonnikov,Sadella,Antonnikov,,,,,,Sale Director,,,,,,,,,santonnikov81@eventbrite.com,,,,,,,,,,,,,,,2,,,,,,,,,,,,,,,,,,,,,,,,,,,,19043,,,,,,,,,,,,,,,,290
291,Fielding Hunte,Fielding,Hunte,,,,,,Sale Director,,,,,,,,,fhunte82@chicagotribune.com,,,,,,,,,,,,,,,3,,,,,,,,,,,,,,,,,,,,,,,,,,,,2605,,,,,,,,,,,,,,,,291
292,Celinda Chaster,Celinda,Chaster,,,,,,Inside Sales,,,,,,,,,cchaster83@ucoz.ru,,,,,,,,,,,,,,,1,,,,,,,,,,,,,,,,,,,,,,,,,,,,8947,,,,,,,,,,,,,,,,292
293,Carmencita Deary,Carmencita,Deary,,,,,,Inside Sales,,,,,,,,,cdeary84@accuweather.com,,,,,,,,,,,,,,,1,,,,,,,,,,,,,,,,,,,,,,,,,,,,14121,,,,,,,,,,,,,,,,293
294,Haleigh De Atta,Haleigh,De Atta,,,,,,Sale Director,,,,,,,,,hdeatta85@auda.org.au,,,,,,,,,,,,,,,2,,,,,,,,,,,,,,,,,,,,,,,,,,,,24488,,,,,,,,,,,,,,,,294
295,Bruno Belli,Bruno,Belli,,,,,,Inside Sales,,,,,,,,,bbelli86@merriam-webster.com,,,,,,,,,,,,,,,1,,,,,,,,,,,,,,,,,,,,,,,,,,,,669,,,,,,,,,,,,,,,,295
296,Cordi Shaughnessy,Cordi,Shaughnessy,,,,,,Inside Sales,,,,,,,,,cshaughnessy87@technorati.com,,,,,,,,,,,,,,,1,,,,,,,,,,,,,,,,,,,,,,,,,,,,13586,,,,,,,,,,,,,,,,296
297,Regan Tureville,Regan,Tureville,,,,,,Inside Sales,,,,,,,,,rtureville88@studiopress.com,,,,,,,,,,,,,,,1,,,,,,,,,,,,,,,,,,,,,,,,,,,,18095,,,,,,,,,,,,,,,,297
298,Richmound Hubbucke,Richmound,Hubbucke,,,,,,Sale Director,,,,,,,,,rhubbucke89@ft.com,,,,,,,,,,,,,,,1,,,,,,,,,,,,,,,,,,,,,,,,,,,,829,,,,,,,,,,,,,,,,298
299,Mitch Vallens,Mitch,Vallens,,,,,,Inside Sales,,,,,,,,,mvallens8a@cam.ac.uk,,,,,,,,,,,,,,,3,,,,,,,,,,,,,,,,,,,,,,,,,,,,24315,,,,,,,,,,,,,,,,299
300,Patin McNiff,Patin,McNiff,,,,,,Sale Director,,,,,,,,,pmcniff8b@jugem.jp,,,,,,,,,,,,,,,1,,,,,,,,,,,,,,,,,,,,,,,,,,,,23170,,,,,,,,,,,,,,,,300
301,Othilie Reding,Othilie,Reding,,,,,,Regional Sales Manager,,,,,,,,,oreding8c@cpanel.net,,,,,,,,,,,,,,,3,,,,,,,,,,,,,,,,,,,,,,,,,,,,22632,,,,,,,,,,,,,,,,301
302,Cynde Cappell,Cynde,Cappell,,,,,,Sale Director,,,,,,,,,ccappell8d@who.int,,,,,,,,,,,,,,,1,,,,,,,,,,,,,,,,,,,,,,,,,,,,20762,,,,,,,,,,,,,,,,302
303,Renie Mound,Renie,Mound,,,,,,Sale Director,,,,,,,,,rmound8e@1und1.de,,,,,,,,,,,,,,,3,,,,,,,,,,,,,,,,,,,,,,,,,,,,9209,,,,,,,,,,,,,,,,303
304,Elicia Putnam,Elicia,Putnam,,,,,,Regional Sales Manager,,,,,,,,,eputnam8f@businessinsider.com,,,,,,,,,,,,,,,2,,,,,,,,,,,,,,,,,,,,,,,,,,,,10094,,,,,,,,,,,,,,,,304
305,Atlanta Plaice,Atlanta,Plaice,,,,,,Regional Sales Manager,,,,,,,,,aplaice8g@bbb.org,,,,,,,,,,,,,,,1,,,,,,,,,,,,,,,,,,,,,,,,,,,,13717,,,,,,,,,,,,,,,,305
306,Jeramey Muck,Jeramey,Muck,,,,,,Regional Sales Manager,,,,,,,,,jmuck8h@yellowbook.com,,,,,,,,,,,,,,,2,,,,,,,,,,,,,,,,,,,,,,,,,,,,1905,,,,,,,,,,,,,,,,306
307,Marchelle Morrell,Marchelle,Morrell,,,,,,Inside Sales,,,,,,,,,mmorrell8i@biblegateway.com,,,,,,,,,,,,,,,3,,,,,,,,,,,,,,,,,,,,,,,,,,,,16615,,,,,,,,,,,,,,,,307
308,Karlens Tranckle,Karlens,Tranckle,,,,,,Regional Sales Manager,,,,,,,,,ktranckle8j@squidoo.com,,,,,,,,,,,,,,,3,,,,,,,,,,,,,,,,,,,,,,,,,,,,8670,,,,,,,,,,,,,,,,308
309,Misti Durran,Misti,Durran,,,,,,Inside Sales,,,,,,,,,mdurran8k@mozilla.com,,,,,,,,,,,,,,,3,,,,,,,,,,,,,,,,,,,,,,,,,,,,13345,,,,,,,,,,,,,,,,309
310,Nara Peevor,Nara,Peevor,,,,,,Sale Director,,,,,,,,,npeevor8l@senate.gov,,,,,,,,,,,,,,,1,,,,,,,,,,,,,,,,,,,,,,,,,,,,7251,,,,,,,,,,,,,,,,310
311,Arvin Loan,Arvin,Loan,,,,,,Regional Sales Manager,,,,,,,,,aloan8m@usgs.gov,,,,,,,,,,,,,,,3,,,,,,,,,,,,,,,,,,,,,,,,,,,,8929,,,,,,,,,,,,,,,,311
312,Estel Luppitt,Estel,Luppitt,,,,,,Regional Sales Manager,,,,,,,,,eluppitt8n@meetup.com,,,,,,,,,,,,,,,1,,,,,,,,,,,,,,,,,,,,,,,,,,,,23248,,,,,,,,,,,,,,,,312
313,Laney Roebottom,Laney,Roebottom,,,,,,Sale Director,,,,,,,,,lroebottom8o@amazonaws.com,,,,,,,,,,,,,,,2,,,,,,,,,,,,,,,,,,,,,,,,,,,,16476,,,,,,,,,,,,,,,,313
314,Pam Thormwell,Pam,Thormwell,,,,,,Inside Sales,,,,,,,,,pthormwell8p@angelfire.com,,,,,,,,,,,,,,,1,,,,,,,,,,,,,,,,,,,,,,,,,,,,15332,,,,,,,,,,,,,,,,314
315,Emma Bohey,Emma,Bohey,,,,,,Sale Director,,,,,,,,,ebohey8q@wikipedia.org,,,,,,,,,,,,,,,3,,,,,,,,,,,,,,,,,,,,,,,,,,,,12588,,,,,,,,,,,,,,,,315
316,Filia How to preserve,Filia,How to preserve,,,,,,Inside Sales,,,,,,,,,fhowtopreserve8r@tuttocitta.it,,,,,,,,,,,,,,,2,,,,,,,,,,,,,,,,,,,,,,,,,,,,4869,,,,,,,,,,,,,,,,316
317,Romeo Sennett,Romeo,Sennett,,,,,,Inside Sales,,,,,,,,,rsennett8s@psu.edu,,,,,,,,,,,,,,,2,,,,,,,,,,,,,,,,,,,,,,,,,,,,2273,,,,,,,,,,,,,,,,317
318,Berty Edis,Berty,Edis,,,,,,Regional Sales Manager,,,,,,,,,bedis8t@furl.net,,,,,,,,,,,,,,,2,,,,,,,,,,,,,,,,,,,,,,,,,,,,3048,,,,,,,,,,,,,,,,318
319,Reilly Rootes,Reilly,Rootes,,,,,,Regional Sales Manager,,,,,,,,,rrootes8u@yolasite.com,,,,,,,,,,,,,,,3,,,,,,,,,,,,,,,,,,,,,,,,,,,,462,,,,,,,,,,,,,,,,319
320,Fanni Hardage,Fanni,Hardage,,,,,,Regional Sales Manager,,,,,,,,,fhardage8v@joomla.org,,,,,,,,,,,,,,,1,,,,,,,,,,,,,,,,,,,,,,,,,,,,5421,,,,,,,,,,,,,,,,320
321,Hermione Anlay,Hermione,Anlay,,,,,,Sale Director,,,,,,,,,hanlay8w@webmd.com,,,,,,,,,,,,,,,3,,,,,,,,,,,,,,,,,,,,,,,,,,,,20312,,,,,,,,,,,,,,,,321
322,Lesya Arsmith,Lesya,Arsmith,,,,,,Regional Sales Manager,,,,,,,,,larsmith8x@uiuc.edu,,,,,,,,,,,,,,,3,,,,,,,,,,,,,,,,,,,,,,,,,,,,9349,,,,,,,,,,,,,,,,322
323,Kenon Itshak,Kenon,Itshak,,,,,,Sale Director,,,,,,,,,kitshak8y@cnet.com,,,,,,,,,,,,,,,2,,,,,,,,,,,,,,,,,,,,,,,,,,,,12582,,,,,,,,,,,,,,,,323
324,Eugen Roostan,Eugen,Roostan,,,,,,Inside Sales,,,,,,,,,eroostan8z@cam.ac.uk,,,,,,,,,,,,,,,2,,,,,,,,,,,,,,,,,,,,,,,,,,,,20539,,,,,,,,,,,,,,,,324
325,Meridith Ellacombe,Meridith,Ellacombe,,,,,,Sale Director,,,,,,,,,mellacombe90@macromedia.com,,,,,,,,,,,,,,,3,,,,,,,,,,,,,,,,,,,,,,,,,,,,6099,,,,,,,,,,,,,,,,325
326,Krystle Dyneley,Krystle,Dyneley,,,,,,Inside Sales,,,,,,,,,kdyneley91@dailymail.co.uk,,,,,,,,,,,,,,,3,,,,,,,,,,,,,,,,,,,,,,,,,,,,904,,,,,,,,,,,,,,,,326
327,Dode O'Nion,Dode,O'Nion,,,,,,Inside Sales,,,,,,,,,donion92@ebay.com,,,,,,,,,,,,,,,2,,,,,,,,,,,,,,,,,,,,,,,,,,,,9161,,,,,,,,,,,,,,,,327
328,Janean Boycott,Janean,Boycott,,,,,,Inside Sales,,,,,,,,,jboycott93@ow.ly,,,,,,,,,,,,,,,1,,,,,,,,,,,,,,,,,,,,,,,,,,,,15828,,,,,,,,,,,,,,,,328
329,Mercy Innott,Mercy,Innott,,,,,,Inside Sales,,,,,,,,,minnott94@dropbox.com,,,,,,,,,,,,,,,3,,,,,,,,,,,,,,,,,,,,,,,,,,,,19870,,,,,,,,,,,,,,,,329
330,Margette Wollrauch,Margette,Wollrauch,,,,,,Inside Sales,,,,,,,,,mwollrauch95@geocities.jp,,,,,,,,,,,,,,,2,,,,,,,,,,,,,,,,,,,,,,,,,,,,15791,,,,,,,,,,,,,,,,330
331,Arielle Bickmore,Arielle,Bickmore,,,,,,Sale Director,,,,,,,,,abickmore96@bbb.org,,,,,,,,,,,,,,,1,,,,,,,,,,,,,,,,,,,,,,,,,,,,12144,,,,,,,,,,,,,,,,331
332,Margarete Blaszczynski,Margarete,Blaszczynski,,,,,,Regional Sales Manager,,,,,,,,,mblaszczynski97@slideshare.net,,,,,,,,,,,,,,,1,,,,,,,,,,,,,,,,,,,,,,,,,,,,21340,,,,,,,,,,,,,,,,332
333,Natividad Kerley,Natividad,Kerley,,,,,,Sale Director,,,,,,,,,nkerley98@netvibes.com,,,,,,,,,,,,,,,2,,,,,,,,,,,,,,,,,,,,,,,,,,,,22424,,,,,,,,,,,,,,,,333
334,Lynnelle Blanket,Lynnelle,Blanket,,,,,,Sale Director,,,,,,,,,lblanket99@desdev.cn,,,,,,,,,,,,,,,3,,,,,,,,,,,,,,,,,,,,,,,,,,,,14838,,,,,,,,,,,,,,,,334
335,Maxie Handslip,Maxie,Handslip,,,,,,Regional Sales Manager,,,,,,,,,mhandslip9a@umn.edu,,,,,,,,,,,,,,,2,,,,,,,,,,,,,,,,,,,,,,,,,,,,18413,,,,,,,,,,,,,,,,335
336,Burch Hackworthy,Burch,Hackworthy,,,,,,Regional Sales Manager,,,,,,,,,bhackworthy9b@engadget.com,,,,,,,,,,,,,,,2,,,,,,,,,,,,,,,,,,,,,,,,,,,,2990,,,,,,,,,,,,,,,,336
337,Heddi Batson,Heddi,Batson,,,,,,Sale Director,,,,,,,,,hbatson9c@4shared.com,,,,,,,,,,,,,,,2,,,,,,,,,,,,,,,,,,,,,,,,,,,,7411,,,,,,,,,,,,,,,,337
338,Nannette Patek,Nannette,Patek,,,,,,Inside Sales,,,,,,,,,npatek9d@webs.com,,,,,,,,,,,,,,,2,,,,,,,,,,,,,,,,,,,,,,,,,,,,18112,,,,,,,,,,,,,,,,338
339,Elysia Manhare,Elysia,Manhare,,,,,,Sale Director,,,,,,,,,emanhare9e@unicef.org,,,,,,,,,,,,,,,3,,,,,,,,,,,,,,,,,,,,,,,,,,,,4350,,,,,,,,,,,,,,,,339
340,Baryram Biddy,Baryram,Biddy,,,,,,Inside Sales,,,,,,,,,bbiddy9f@opensource.org,,,,,,,,,,,,,,,1,,,,,,,,,,,,,,,,,,,,,,,,,,,,20960,,,,,,,,,,,,,,,,340
341,Elvin Northcote,Elvin,Northcote,,,,,,Regional Sales Manager,,,,,,,,,enorthcote9g@zimbio.com,,,,,,,,,,,,,,,1,,,,,,,,,,,,,,,,,,,,,,,,,,,,13982,,,,,,,,,,,,,,,,341
342,Orelle Patnelli,Orelle,Patnelli,,,,,,Inside Sales,,,,,,,,,opatnelli9h@privacy.gov.au,,,,,,,,,,,,,,,2,,,,,,,,,,,,,,,,,,,,,,,,,,,,6325,,,,,,,,,,,,,,,,342
343,Billy Valencia,Billy,Valencia,,,,,,Regional Sales Manager,,,,,,,,,bvalencia9i@edublogs.org,,,,,,,,,,,,,,,2,,,,,,,,,,,,,,,,,,,,,,,,,,,,14904,,,,,,,,,,,,,,,,343
344,Padraic Atwood,Padraic,Atwood,,,,,,Sale Director,,,,,,,,,patwood9j@cdbaby.com,,,,,,,,,,,,,,,1,,,,,,,,,,,,,,,,,,,,,,,,,,,,16800,,,,,,,,,,,,,,,,344
345,Herc Karmel,Herc,Karmel,,,,,,Regional Sales Manager,,,,,,,,,hkarmel9k@linkedin.com,,,,,,,,,,,,,,,2,,,,,,,,,,,,,,,,,,,,,,,,,,,,20829,,,,,,,,,,,,,,,,345
346,Chrissie Stolz,Chrissie,Stolz,,,,,,Regional Sales Manager,,,,,,,,,cstolz9l@engadget.com,,,,,,,,,,,,,,,2,,,,,,,,,,,,,,,,,,,,,,,,,,,,21573,,,,,,,,,,,,,,,,346
347,Clare Nolot,Clare,Nolot,,,,,,Inside Sales,,,,,,,,,cnolot9m@samsung.com,,,,,,,,,,,,,,,1,,,,,,,,,,,,,,,,,,,,,,,,,,,,3523,,,,,,,,,,,,,,,,347
348,Guinna Pontain,Guinna,Pontain,,,,,,Sale Director,,,,,,,,,gpontain9n@woothemes.com,,,,,,,,,,,,,,,1,,,,,,,,,,,,,,,,,,,,,,,,,,,,14335,,,,,,,,,,,,,,,,348
349,Bernita Shory,Bernita,Shory,,,,,,Inside Sales,,,,,,,,,bshory9o@unc.edu,,,,,,,,,,,,,,,1,,,,,,,,,,,,,,,,,,,,,,,,,,,,31,,,,,,,,,,,,,,,,349
350,Theo Pettifor,Theo,Pettifor,,,,,,Inside Sales,,,,,,,,,tpettifor9p@businessweek.com,,,,,,,,,,,,,,,3,,,,,,,,,,,,,,,,,,,,,,,,,,,,23963,,,,,,,,,,,,,,,,350
351,Margret Davson,Margret,Davson,,,,,,Regional Sales Manager,,,,,,,,,mdavson9q@storify.com,,,,,,,,,,,,,,,2,,,,,,,,,,,,,,,,,,,,,,,,,,,,16546,,,,,,,,,,,,,,,,351
352,Vevay Daber,Vevay,Daber,,,,,,Regional Sales Manager,,,,,,,,,vdaber9r@webeden.co.uk,,,,,,,,,,,,,,,1,,,,,,,,,,,,,,,,,,,,,,,,,,,,7634,,,,,,,,,,,,,,,,352
353,Winny Trimmill,Winny,Trimmill,,,,,,Regional Sales Manager,,,,,,,,,wtrimmill9s@skyrock.com,,,,,,,,,,,,,,,1,,,,,,,,,,,,,,,,,,,,,,,,,,,,14797,,,,,,,,,,,,,,,,353
354,Mattie Munnery,Mattie,Munnery,,,,,,Sale Director,,,,,,,,,mmunnery9t@washingtonpost.com,,,,,,,,,,,,,,,1,,,,,,,,,,,,,,,,,,,,,,,,,,,,5,,,,,,,,,,,,,,,,354
355,Kylie Leggon,Kylie,Leggon,,,,,,Sale Director,,,,,,,,,kleggon9u@google.com,,,,,,,,,,,,,,,3,,,,,,,,,,,,,,,,,,,,,,,,,,,,20559,,,,,,,,,,,,,,,,355
356,Evered Grainge,Evered,Grainge,,,,,,Regional Sales Manager,,,,,,,,,egrainge9v@facebook.com,,,,,,,,,,,,,,,1,,,,,,,,,,,,,,,,,,,,,,,,,,,,15745,,,,,,,,,,,,,,,,356
357,Cherri La Wille,Cherri,La Wille,,,,,,Sale Director,,,,,,,,,clawille9w@tinypic.com,,,,,,,,,,,,,,,3,,,,,,,,,,,,,,,,,,,,,,,,,,,,3574,,,,,,,,,,,,,,,,357
358,Kellie Lewing,Kellie,Lewing,,,,,,Regional Sales Manager,,,,,,,,,klewing9x@diigo.com,,,,,,,,,,,,,,,3,,,,,,,,,,,,,,,,,,,,,,,,,,,,16793,,,,,,,,,,,,,,,,358
359,Rudiger Poate,Rudiger,Poate,,,,,,Inside Sales,,,,,,,,,rpoate9y@cbc.ca,,,,,,,,,,,,,,,3,,,,,,,,,,,,,,,,,,,,,,,,,,,,9823,,,,,,,,,,,,,,,,359
360,Northrop Aron,Northrop,Aron,,,,,,Sale Director,,,,,,,,,naron9z@sun.com,,,,,,,,,,,,,,,1,,,,,,,,,,,,,,,,,,,,,,,,,,,,5886,,,,,,,,,,,,,,,,360
361,Fanechka Erskine,Fanechka,Erskine,,,,,,Inside Sales,,,,,,,,,ferskinea0@indiatimes.com,,,,,,,,,,,,,,,3,,,,,,,,,,,,,,,,,,,,,,,,,,,,19550,,,,,,,,,,,,,,,,361
362,Rayshell Fourmy,Rayshell,Fourmy,,,,,,Sale Director,,,,,,,,,rfourmya1@ebay.com,,,,,,,,,,,,,,,1,,,,,,,,,,,,,,,,,,,,,,,,,,,,23418,,,,,,,,,,,,,,,,362
363,Chrisy Culleton,Chrisy,Culleton,,,,,,Regional Sales Manager,,,,,,,,,cculletona2@google.ru,,,,,,,,,,,,,,,1,,,,,,,,,,,,,,,,,,,,,,,,,,,,14728,,,,,,,,,,,,,,,,363
364,Loreen Argo,Loreen,Argo,,,,,,Sale Director,,,,,,,,,largoa3@yahoo.co.jp,,,,,,,,,,,,,,,1,,,,,,,,,,,,,,,,,,,,,,,,,,,,22998,,,,,,,,,,,,,,,,364
365,Lauree Poulson,Lauree,Poulson,,,,,,Inside Sales,,,,,,,,,lpoulsona4@sakura.ne.jp,,,,,,,,,,,,,,,1,,,,,,,,,,,,,,,,,,,,,,,,,,,,13445,,,,,,,,,,,,,,,,365
366,Julie Cornill,Julie,Cornill,,,,,,Regional Sales Manager,,,,,,,,,jcornilla5@microsoft.com,,,,,,,,,,,,,,,1,,,,,,,,,,,,,,,,,,,,,,,,,,,,21859,,,,,,,,,,,,,,,,366
367,Corly Greenhow,Corly,Greenhow,,,,,,Regional Sales Manager,,,,,,,,,cgreenhowa6@ucoz.com,,,,,,,,,,,,,,,1,,,,,,,,,,,,,,,,,,,,,,,,,,,,7417,,,,,,,,,,,,,,,,367
368,Marsiella Iston,Marsiella,Iston,,,,,,Regional Sales Manager,,,,,,,,,mistona7@cyberchimps.com,,,,,,,,,,,,,,,1,,,,,,,,,,,,,,,,,,,,,,,,,,,,5576,,,,,,,,,,,,,,,,368
369,Tudor Pranger,Tudor,Pranger,,,,,,Sale Director,,,,,,,,,tprangera8@cbslocal.com,,,,,,,,,,,,,,,1,,,,,,,,,,,,,,,,,,,,,,,,,,,,7532,,,,,,,,,,,,,,,,369
370,Karilynn Spain,Karilynn,Spain,,,,,,Sale Director,,,,,,,,,kspaina9@xing.com,,,,,,,,,,,,,,,2,,,,,,,,,,,,,,,,,,,,,,,,,,,,3164,,,,,,,,,,,,,,,,370
371,Zebedee Matyja,Zebedee,Matyja,,,,,,Inside Sales,,,,,,,,,zmatyjaaa@wikispaces.com,,,,,,,,,,,,,,,2,,,,,,,,,,,,,,,,,,,,,,,,,,,,3937,,,,,,,,,,,,,,,,371
372,Jaclin Gettins,Jaclin,Gettins,,,,,,Regional Sales Manager,,,,,,,,,jgettinsab@over-blog.com,,,,,,,,,,,,,,,3,,,,,,,,,,,,,,,,,,,,,,,,,,,,19952,,,,,,,,,,,,,,,,372
373,Carina Dosdale,Carina,Dosdale,,,,,,Sale Director,,,,,,,,,cdosdaleac@slashdot.org,,,,,,,,,,,,,,,3,,,,,,,,,,,,,,,,,,,,,,,,,,,,20759,,,,,,,,,,,,,,,,373
374,Jennica Loomis,Jennica,Loomis,,,,,,Inside Sales,,,,,,,,,jloomisad@mashable.com,,,,,,,,,,,,,,,1,,,,,,,,,,,,,,,,,,,,,,,,,,,,10698,,,,,,,,,,,,,,,,374
375,Udale McGucken,Udale,McGucken,,,,,,Regional Sales Manager,,,,,,,,,umcguckenae@i2i.jp,,,,,,,,,,,,,,,1,,,,,,,,,,,,,,,,,,,,,,,,,,,,9085,,,,,,,,,,,,,,,,375
376,Linea Goadby,Linea,Goadby,,,,,,Inside Sales,,,,,,,,,lgoadbyaf@xrea.com,,,,,,,,,,,,,,,2,,,,,,,,,,,,,,,,,,,,,,,,,,,,6233,,,,,,,,,,,,,,,,376
377,Jarred Franseco,Jarred,Franseco,,,,,,Sale Director,,,,,,,,,jfransecoag@boston.com,,,,,,,,,,,,,,,2,,,,,,,,,,,,,,,,,,,,,,,,,,,,2418,,,,,,,,,,,,,,,,377
378,Eba Landrean,Eba,Landrean,,,,,,Sale Director,,,,,,,,,elandreanah@topsy.com,,,,,,,,,,,,,,,2,,,,,,,,,,,,,,,,,,,,,,,,,,,,22784,,,,,,,,,,,,,,,,378
379,Dierdre Goodnow,Dierdre,Goodnow,,,,,,Sale Director,,,,,,,,,dgoodnowai@fastcompany.com,,,,,,,,,,,,,,,3,,,,,,,,,,,,,,,,,,,,,,,,,,,,11162,,,,,,,,,,,,,,,,379
380,Alene Ewbank,Alene,Ewbank,,,,,,Sale Director,,,,,,,,,aewbankaj@slideshare.net,,,,,,,,,,,,,,,3,,,,,,,,,,,,,,,,,,,,,,,,,,,,19093,,,,,,,,,,,,,,,,380
381,Gates Huske,Gates,Huske,,,,,,Regional Sales Manager,,,,,,,,,ghuskeak@sfgate.com,,,,,,,,,,,,,,,2,,,,,,,,,,,,,,,,,,,,,,,,,,,,7996,,,,,,,,,,,,,,,,381
382,Cindie Clunan,Cindie,Clunan,,,,,,Inside Sales,,,,,,,,,cclunanal@state.tx.us,,,,,,,,,,,,,,,1,,,,,,,,,,,,,,,,,,,,,,,,,,,,4162,,,,,,,,,,,,,,,,382
383,Karyn Franzel,Karyn,Franzel,,,,,,Regional Sales Manager,,,,,,,,,kfranzelam@devhub.com,,,,,,,,,,,,,,,3,,,,,,,,,,,,,,,,,,,,,,,,,,,,24035,,,,,,,,,,,,,,,,383
384,Carlina Impey,Carlina,Impey,,,,,,Regional Sales Manager,,,,,,,,,cimpeyan@pcworld.com,,,,,,,,,,,,,,,2,,,,,,,,,,,,,,,,,,,,,,,,,,,,17710,,,,,,,,,,,,,,,,384
385,Gene Clapshaw,Gene,Clapshaw,,,,,,Regional Sales Manager,,,,,,,,,gclapshawao@webmd.com,,,,,,,,,,,,,,,3,,,,,,,,,,,,,,,,,,,,,,,,,,,,1681,,,,,,,,,,,,,,,,385
386,Cristine Sydry,Cristine,Sydry,,,,,,Regional Sales Manager,,,,,,,,,csydryap@skype.com,,,,,,,,,,,,,,,1,,,,,,,,,,,,,,,,,,,,,,,,,,,,14202,,,,,,,,,,,,,,,,386
387,Krystyna Blonfield,Krystyna,Blonfield,,,,,,Regional Sales Manager,,,,,,,,,kblonfieldaq@unblog.fr,,,,,,,,,,,,,,,2,,,,,,,,,,,,,,,,,,,,,,,,,,,,2142,,,,,,,,,,,,,,,,387
388,Geordie Rowes,Geordie,Rowes,,,,,,Sale Director,,,,,,,,,growesar@sun.com,,,,,,,,,,,,,,,3,,,,,,,,,,,,,,,,,,,,,,,,,,,,11776,,,,,,,,,,,,,,,,388
389,Meade Garstang,Meade,Garstang,,,,,,Regional Sales Manager,,,,,,,,,mgarstangas@com.com,,,,,,,,,,,,,,,2,,,,,,,,,,,,,,,,,,,,,,,,,,,,3929,,,,,,,,,,,,,,,,389
390,Julianne Threlkeld,Julianne,Threlkeld,,,,,,Inside Sales,,,,,,,,,jthrelkeldat@irs.gov,,,,,,,,,,,,,,,2,,,,,,,,,,,,,,,,,,,,,,,,,,,,12473,,,,,,,,,,,,,,,,390
391,Malvin Calterone,Malvin,Calterone,,,,,,Inside Sales,,,,,,,,,mcalteroneau@home.pl,,,,,,,,,,,,,,,2,,,,,,,,,,,,,,,,,,,,,,,,,,,,15775,,,,,,,,,,,,,,,,391
392,Daven Gligori,Daven,Gligori,,,,,,Sale Director,,,,,,,,,dgligoriav@vk.com,,,,,,,,,,,,,,,2,,,,,,,,,,,,,,,,,,,,,,,,,,,,21596,,,,,,,,,,,,,,,,392
393,Sherri Van der Baaren,Sherri,Van der Baaren,,,,,,Inside Sales,,,,,,,,,svanderbaarenaw@about.me,,,,,,,,,,,,,,,3,,,,,,,,,,,,,,,,,,,,,,,,,,,,21803,,,,,,,,,,,,,,,,393
394,Erastus Challicombe,Erastus,Challicombe,,,,,,Sale Director,,,,,,,,,echallicombeax@facebook.com,,,,,,,,,,,,,,,1,,,,,,,,,,,,,,,,,,,,,,,,,,,,3480,,,,,,,,,,,,,,,,394
395,Eloisa Chestney,Eloisa,Chestney,,,,,,Sale Director,,,,,,,,,echestneyay@toplist.cz,,,,,,,,,,,,,,,3,,,,,,,,,,,,,,,,,,,,,,,,,,,,9016,,,,,,,,,,,,,,,,395
396,Dorella Vaughton,Dorella,Vaughton,,,,,,Inside Sales,,,,,,,,,dvaughtonaz@biglobe.ne.jp,,,,,,,,,,,,,,,1,,,,,,,,,,,,,,,,,,,,,,,,,,,,66,,,,,,,,,,,,,,,,396
397,Joletta Hendin,Joletta,Hendin,,,,,,Inside Sales,,,,,,,,,jhendinb0@businesswire.com,,,,,,,,,,,,,,,3,,,,,,,,,,,,,,,,,,,,,,,,,,,,3858,,,,,,,,,,,,,,,,397
398,Granthem Kolushev,Granthem,Kolushev,,,,,,Sale Director,,,,,,,,,gkolushevb1@360.cn,,,,,,,,,,,,,,,2,,,,,,,,,,,,,,,,,,,,,,,,,,,,14146,,,,,,,,,,,,,,,,398
399,Janis Edsell,Janis,Edsell,,,,,,Inside Sales,,,,,,,,,jedsellb2@ebay.co.uk,,,,,,,,,,,,,,,2,,,,,,,,,,,,,,,,,,,,,,,,,,,,2591,,,,,,,,,,,,,,,,399
400,Keri Fermoy,Keri,Fermoy,,,,,,Sale Director,,,,,,,,,kfermoyb3@biblegateway.com,,,,,,,,,,,,,,,1,,,,,,,,,,,,,,,,,,,,,,,,,,,,5876,,,,,,,,,,,,,,,,400
401,Rosalinde Lode,Rosalinde,Lode,,,,,,Regional Sales Manager,,,,,,,,,rlodeb4@barnesandnoble.com,,,,,,,,,,,,,,,2,,,,,,,,,,,,,,,,,,,,,,,,,,,,15433,,,,,,,,,,,,,,,,401
402,Ray Jaspar,Ray,Jaspar,,,,,,Sale Director,,,,,,,,,rjasparb5@nifty.com,,,,,,,,,,,,,,,2,,,,,,,,,,,,,,,,,,,,,,,,,,,,14620,,,,,,,,,,,,,,,,402
403,Goldarina Dominelli,Goldarina,Dominelli,,,,,,Inside Sales,,,,,,,,,gdominellib6@icio.us,,,,,,,,,,,,,,,1,,,,,,,,,,,,,,,,,,,,,,,,,,,,14962,,,,,,,,,,,,,,,,403
404,Cal Gallienne,Cal,Gallienne,,,,,,Inside Sales,,,,,,,,,cgallienneb7@nasa.gov,,,,,,,,,,,,,,,1,,,,,,,,,,,,,,,,,,,,,,,,,,,,1594,,,,,,,,,,,,,,,,404
405,Thomasina Stillman,Thomasina,Stillman,,,,,,Sale Director,,,,,,,,,tstillmanb8@goodreads.com,,,,,,,,,,,,,,,2,,,,,,,,,,,,,,,,,,,,,,,,,,,,16443,,,,,,,,,,,,,,,,405
406,Kristyn holmes,Kristyn,holmes,,,,,,Inside Sales,,,,,,,,,kholmesb9@icio.us,,,,,,,,,,,,,,,1,,,,,,,,,,,,,,,,,,,,,,,,,,,,22105,,,,,,,,,,,,,,,,406
407,Leonard Lipscomb,Leonard,Lipscomb,,,,,,Inside Sales,,,,,,,,,llipscombba@skyrock.com,,,,,,,,,,,,,,,3,,,,,,,,,,,,,,,,,,,,,,,,,,,,216,,,,,,,,,,,,,,,,407
408,Modestine Ohlsen,Modestine,Ohlsen,,,,,,Regional Sales Manager,,,,,,,,,mohlsenbb@sbwire.com,,,,,,,,,,,,,,,1,,,,,,,,,,,,,,,,,,,,,,,,,,,,4059,,,,,,,,,,,,,,,,408
409,Ham Gotcliffe,Ham,Gotcliffe,,,,,,Sale Director,,,,,,,,,hgotcliffebc@google.fr,,,,,,,,,,,,,,,3,,,,,,,,,,,,,,,,,,,,,,,,,,,,13824,,,,,,,,,,,,,,,,409
410,Briggs Marjoram,Briggs,Marjoram,,,,,,Inside Sales,,,,,,,,,bmarjorambd@bbc.co.uk,,,,,,,,,,,,,,,1,,,,,,,,,,,,,,,,,,,,,,,,,,,,11815,,,,,,,,,,,,,,,,410
411,Shelbi Baser,Shelbi,Baser,,,,,,Inside Sales,,,,,,,,,sbaserbe@gizmodo.com,,,,,,,,,,,,,,,1,,,,,,,,,,,,,,,,,,,,,,,,,,,,7810,,,,,,,,,,,,,,,,411
412,Dreddy Krzyzaniak,Dreddy,Krzyzaniak,,,,,,Inside Sales,,,,,,,,,dkrzyzaniakbf@etsy.com,,,,,,,,,,,,,,,1,,,,,,,,,,,,,,,,,,,,,,,,,,,,11076,,,,,,,,,,,,,,,,412
413,Ardeen Stephen,Ardeen,Stephen,,,,,,Regional Sales Manager,,,,,,,,,astephenbg@linkedin.com,,,,,,,,,,,,,,,2,,,,,,,,,,,,,,,,,,,,,,,,,,,,6968,,,,,,,,,,,,,,,,413
414,Tammy Painten,Tammy,Painten,,,,,,Inside Sales,,,,,,,,,tpaintenbh@canalblog.com,,,,,,,,,,,,,,,1,,,,,,,,,,,,,,,,,,,,,,,,,,,,2680,,,,,,,,,,,,,,,,414
415,Randee Henkmann,Randee,Henkmann,,,,,,Sale Director,,,,,,,,,rhenkmannbi@studiopress.com,,,,,,,,,,,,,,,2,,,,,,,,,,,,,,,,,,,,,,,,,,,,7826,,,,,,,,,,,,,,,,415
416,Dorey Vaen,Dorey,Vaen,,,,,,Regional Sales Manager,,,,,,,,,dvaenbj@facebook.com,,,,,,,,,,,,,,,1,,,,,,,,,,,,,,,,,,,,,,,,,,,,87,,,,,,,,,,,,,,,,416
417,Willem Mallabone,Willem,Mallabone,,,,,,Regional Sales Manager,,,,,,,,,wmallabonebk@flavors.me,,,,,,,,,,,,,,,2,,,,,,,,,,,,,,,,,,,,,,,,,,,,15420,,,,,,,,,,,,,,,,417
418,Saloma Sare,Saloma,Sare,,,,,,Regional Sales Manager,,,,,,,,,ssarebl@fda.gov,,,,,,,,,,,,,,,1,,,,,,,,,,,,,,,,,,,,,,,,,,,,22294,,,,,,,,,,,,,,,,418
419,Ethelyn Beggio,Ethelyn,Beggio,,,,,,Regional Sales Manager,,,,,,,,,ebeggiobm@timesonline.co.uk,,,,,,,,,,,,,,,1,,,,,,,,,,,,,,,,,,,,,,,,,,,,2149,,,,,,,,,,,,,,,,419
420,Donna Tolcharde,Donna,Tolcharde,,,,,,Inside Sales,,,,,,,,,dtolchardebn@w3.org,,,,,,,,,,,,,,,1,,,,,,,,,,,,,,,,,,,,,,,,,,,,10741,,,,,,,,,,,,,,,,420
421,Abby Garrood,Abby,Garrood,,,,,,Regional Sales Manager,,,,,,,,,agarroodbo@naver.com,,,,,,,,,,,,,,,3,,,,,,,,,,,,,,,,,,,,,,,,,,,,17190,,,,,,,,,,,,,,,,421
422,Emilee Hickford,Emilee,Hickford,,,,,,Sale Director,,,,,,,,,ehickfordbp@linkedin.com,,,,,,,,,,,,,,,1,,,,,,,,,,,,,,,,,,,,,,,,,,,,13869,,,,,,,,,,,,,,,,422
423,Ame Gerber,Ame,Gerber,,,,,,Regional Sales Manager,,,,,,,,,agerberbq@wisc.edu,,,,,,,,,,,,,,,1,,,,,,,,,,,,,,,,,,,,,,,,,,,,15486,,,,,,,,,,,,,,,,423
424,Hillery Duggen,Hillery,Duggen,,,,,,Sale Director,,,,,,,,,hduggenbr@barnesandnoble.com,,,,,,,,,,,,,,,1,,,,,,,,,,,,,,,,,,,,,,,,,,,,4061,,,,,,,,,,,,,,,,424
425,Kittie Tatchell,Kittie,Tatchell,,,,,,Inside Sales,,,,,,,,,ktatchellbs@51.la,,,,,,,,,,,,,,,2,,,,,,,,,,,,,,,,,,,,,,,,,,,,22351,,,,,,,,,,,,,,,,425
426,Kathie Harryman,Kathie,Harryman,,,,,,Regional Sales Manager,,,,,,,,,kharrymanbt@nymag.com,,,,,,,,,,,,,,,1,,,,,,,,,,,,,,,,,,,,,,,,,,,,7580,,,,,,,,,,,,,,,,426
427,Bendicty Kite,Bendicty,Kite,,,,,,Sale Director,,,,,,,,,bkitebu@usnews.com,,,,,,,,,,,,,,,1,,,,,,,,,,,,,,,,,,,,,,,,,,,,3860,,,,,,,,,,,,,,,,427
428,Brinna Aitken,Brinna,Aitken,,,,,,Inside Sales,,,,,,,,,baitkenbv@ted.com,,,,,,,,,,,,,,,2,,,,,,,,,,,,,,,,,,,,,,,,,,,,1820,,,,,,,,,,,,,,,,428
429,Carena Laux,Carena,Laux,,,,,,Sale Director,,,,,,,,,clauxbw@jimdo.com,,,,,,,,,,,,,,,1,,,,,,,,,,,,,,,,,,,,,,,,,,,,7992,,,,,,,,,,,,,,,,429
430,Kamilah Emeny,Kamilah,Emeny,,,,,,Sale Director,,,,,,,,,kemenybx@lycos.com,,,,,,,,,,,,,,,1,,,,,,,,,,,,,,,,,,,,,,,,,,,,4477,,,,,,,,,,,,,,,,430
431,Cornie Epelett,Cornie,Epelett,,,,,,Regional Sales Manager,,,,,,,,,cepelettby@psu.edu,,,,,,,,,,,,,,,3,,,,,,,,,,,,,,,,,,,,,,,,,,,,14532,,,,,,,,,,,,,,,,431
432,Gavra Brumble,Gavra,Brumble,,,,,,Regional Sales Manager,,,,,,,,,gbrumblebz@admin.ch,,,,,,,,,,,,,,,1,,,,,,,,,,,,,,,,,,,,,,,,,,,,771,,,,,,,,,,,,,,,,432
433,Cash Kleinschmidt,Cash,Kleinschmidt,,,,,,Inside Sales,,,,,,,,,ckleinschmidtc0@odnoklassniki.ru,,,,,,,,,,,,,,,1,,,,,,,,,,,,,,,,,,,,,,,,,,,,7718,,,,,,,,,,,,,,,,433
434,Buddy Bradick,Buddy,Bradick,,,,,,Regional Sales Manager,,,,,,,,,bbradickc1@nsw.gov.au,,,,,,,,,,,,,,,2,,,,,,,,,,,,,,,,,,,,,,,,,,,,11486,,,,,,,,,,,,,,,,434
435,Alphonse Krzyzanowski,Alphonse,Krzyzanowski,,,,,,Regional Sales Manager,,,,,,,,,akrzyzanowskic2@blog.com,,,,,,,,,,,,,,,2,,,,,,,,,,,,,,,,,,,,,,,,,,,,10731,,,,,,,,,,,,,,,,435
436,Spense McCord,Spense,McCord,,,,,,Regional Sales Manager,,,,,,,,,smccordc3@topsy.com,,,,,,,,,,,,,,,1,,,,,,,,,,,,,,,,,,,,,,,,,,,,20820,,,,,,,,,,,,,,,,436
437,Nealy Zimmermanns,Nealy,Zimmermanns,,,,,,Inside Sales,,,,,,,,,nzimmermannsc4@ocn.ne.jp,,,,,,,,,,,,,,,2,,,,,,,,,,,,,,,,,,,,,,,,,,,,19295,,,,,,,,,,,,,,,,437
438,Florian Grieveson,Florian,Grieveson,,,,,,Regional Sales Manager,,,,,,,,,fgrievesonc5@foxnews.com,,,,,,,,,,,,,,,3,,,,,,,,,,,,,,,,,,,,,,,,,,,,5632,,,,,,,,,,,,,,,,438
439,Mozes Howcroft,Mozes,Howcroft,,,,,,Inside Sales,,,,,,,,,mhowcroftc6@abc.net.au,,,,,,,,,,,,,,,1,,,,,,,,,,,,,,,,,,,,,,,,,,,,11279,,,,,,,,,,,,,,,,439
440,Vergil Wardington,Vergil,Wardington,,,,,,Inside Sales,,,,,,,,,vwardingtonc7@i2i.jp,,,,,,,,,,,,,,,2,,,,,,,,,,,,,,,,,,,,,,,,,,,,1643,,,,,,,,,,,,,,,,440
441,Pris Folland,Pris,Folland,,,,,,Regional Sales Manager,,,,,,,,,pfollandc8@stumbleupon.com,,,,,,,,,,,,,,,1,,,,,,,,,,,,,,,,,,,,,,,,,,,,18475,,,,,,,,,,,,,,,,441
442,Mariam Georgeon,Mariam,Georgeon,,,,,,Regional Sales Manager,,,,,,,,,mgeorgeonc9@narod.ru,,,,,,,,,,,,,,,1,,,,,,,,,,,,,,,,,,,,,,,,,,,,22836,,,,,,,,,,,,,,,,442
443,Antone Gutch,Antone,Gutch,,,,,,Sale Director,,,,,,,,,agutchca@fda.gov,,,,,,,,,,,,,,,1,,,,,,,,,,,,,,,,,,,,,,,,,,,,21781,,,,,,,,,,,,,,,,443
444,Yvon Braney,Yvon,Braney,,,,,,Sale Director,,,,,,,,,ybraneycb@sfgate.com,,,,,,,,,,,,,,,3,,,,,,,,,,,,,,,,,,,,,,,,,,,,18618,,,,,,,,,,,,,,,,444
445,Claretta Snelgrove,Claretta,Snelgrove,,,,,,Regional Sales Manager,,,,,,,,,csnelgrovecc@google.co.jp,,,,,,,,,,,,,,,3,,,,,,,,,,,,,,,,,,,,,,,,,,,,11652,,,,,,,,,,,,,,,,445
446,Zacharias Edler,Zacharias,Edler,,,,,,Inside Sales,,,,,,,,,zedlercd@newsvine.com,,,,,,,,,,,,,,,3,,,,,,,,,,,,,,,,,,,,,,,,,,,,15263,,,,,,,,,,,,,,,,446
447,Magdalene Pinkerton,Magdalene,Pinkerton,,,,,,Inside Sales,,,,,,,,,mpinkertonce@imageshack.us,,,,,,,,,,,,,,,2,,,,,,,,,,,,,,,,,,,,,,,,,,,,12560,,,,,,,,,,,,,,,,447
448,Kikelia Cloonan,Kikelia,Cloonan,,,,,,Regional Sales Manager,,,,,,,,,kcloonancf@feedburner.com,,,,,,,,,,,,,,,1,,,,,,,,,,,,,,,,,,,,,,,,,,,,20663,,,,,,,,,,,,,,,,448
449,Hally Hellmer,Hally,Hellmer,,,,,,Regional Sales Manager,,,,,,,,,hhellmercg@51.la,,,,,,,,,,,,,,,3,,,,,,,,,,,,,,,,,,,,,,,,,,,,10737,,,,,,,,,,,,,,,,449
450,Barron Gillett,Barron,Gillett,,,,,,Inside Sales,,,,,,,,,bgillettch@jiathis.com,,,,,,,,,,,,,,,3,,,,,,,,,,,,,,,,,,,,,,,,,,,,11419,,,,,,,,,,,,,,,,450
451,Sherry Scibsey,Sherry,Scibsey,,,,,,Sale Director,,,,,,,,,sscibseyci@newsvine.com,,,,,,,,,,,,,,,2,,,,,,,,,,,,,,,,,,,,,,,,,,,,10213,,,,,,,,,,,,,,,,451
452,Lorna Paolucci,Lorna,Paolucci,,,,,,Sale Director,,,,,,,,,lpaoluccicj@netlog.com,,,,,,,,,,,,,,,3,,,,,,,,,,,,,,,,,,,,,,,,,,,,19828,,,,,,,,,,,,,,,,452
453,Cart Butland,Cart,Butland,,,,,,Sale Director,,,,,,,,,cbutlandck@hugedomains.com,,,,,,,,,,,,,,,2,,,,,,,,,,,,,,,,,,,,,,,,,,,,19865,,,,,,,,,,,,,,,,453
454,Janina MacCarter,Janina,MacCarter,,,,,,Inside Sales,,,,,,,,,jmaccartercl@usgs.gov,,,,,,,,,,,,,,,1,,,,,,,,,,,,,,,,,,,,,,,,,,,,18198,,,,,,,,,,,,,,,,454
455,Francene Goodrich,Francene,Goodrich,,,,,,Inside Sales,,,,,,,,,fgoodrichcm@last.fm,,,,,,,,,,,,,,,1,,,,,,,,,,,,,,,,,,,,,,,,,,,,3858,,,,,,,,,,,,,,,,455
456,Filippo Langdridge,Filippo,Langdridge,,,,,,Inside Sales,,,,,,,,,flangdridgecn@sina.com.cn,,,,,,,,,,,,,,,1,,,,,,,,,,,,,,,,,,,,,,,,,,,,18887,,,,,,,,,,,,,,,,456
457,Caesar Clemenson,Caesar,Clemenson,,,,,,Sale Director,,,,,,,,,cclemensonco@homestead.com,,,,,,,,,,,,,,,3,,,,,,,,,,,,,,,,,,,,,,,,,,,,8194,,,,,,,,,,,,,,,,457
458,Nancie Meins,Nancie,Meins,,,,,,Sale Director,,,,,,,,,nmeinscp@list-manage.com,,,,,,,,,,,,,,,2,,,,,,,,,,,,,,,,,,,,,,,,,,,,20523,,,,,,,,,,,,,,,,458
459,Nathaniel Toombs,Nathaniel,Toombs,,,,,,Inside Sales,,,,,,,,,ntoombscq@facebook.com,,,,,,,,,,,,,,,2,,,,,,,,,,,,,,,,,,,,,,,,,,,,24277,,,,,,,,,,,,,,,,459
460,Raff Howitt,Raff,Howitt,,,,,,Inside Sales,,,,,,,,,rhowittcr@ted.com,,,,,,,,,,,,,,,1,,,,,,,,,,,,,,,,,,,,,,,,,,,,18855,,,,,,,,,,,,,,,,460
461,Aloysia McCrae,Aloysia,McCrae,,,,,,Regional Sales Manager,,,,,,,,,amccraecs@mediafire.com,,,,,,,,,,,,,,,3,,,,,,,,,,,,,,,,,,,,,,,,,,,,1588,,,,,,,,,,,,,,,,461
462,Maxwell Fylan,Maxwell,Fylan,,,,,,Sale Director,,,,,,,,,mfylanct@simplemachines.org,,,,,,,,,,,,,,,3,,,,,,,,,,,,,,,,,,,,,,,,,,,,15909,,,,,,,,,,,,,,,,462
463,Fredric Martellini,Fredric,Martellini,,,,,,Regional Sales Manager,,,,,,,,,fmartellinicu@jugem.jp,,,,,,,,,,,,,,,1,,,,,,,,,,,,,,,,,,,,,,,,,,,,50,,,,,,,,,,,,,,,,463
464,Geno Norrington,Geno,Norrington,,,,,,Regional Sales Manager,,,,,,,,,gnorringtoncv@technorati.com,,,,,,,,,,,,,,,1,,,,,,,,,,,,,,,,,,,,,,,,,,,,9723,,,,,,,,,,,,,,,,464
465,Giffy Heskins,Giffy,Heskins,,,,,,Inside Sales,,,,,,,,,gheskinscw@baidu.com,,,,,,,,,,,,,,,1,,,,,,,,,,,,,,,,,,,,,,,,,,,,11565,,,,,,,,,,,,,,,,465
466,Ardenia Spurway,Ardenia,Spurway,,,,,,Regional Sales Manager,,,,,,,,,aspurwaycx@pinterest.com,,,,,,,,,,,,,,,1,,,,,,,,,,,,,,,,,,,,,,,,,,,,18951,,,,,,,,,,,,,,,,466
467,Elia Kobu,Elia,Kobu,,,,,,Inside Sales,,,,,,,,,ekobucy@slideshare.net,,,,,,,,,,,,,,,2,,,,,,,,,,,,,,,,,,,,,,,,,,,,21152,,,,,,,,,,,,,,,,467
468,Reggie Schulkins,Reggie,Schulkins,,,,,,Regional Sales Manager,,,,,,,,,rschulkinscz@odnoklassniki.ru,,,,,,,,,,,,,,,1,,,,,,,,,,,,,,,,,,,,,,,,,,,,11117,,,,,,,,,,,,,,,,468
469,Ira Hallede,Ira,Hallede,,,,,,Inside Sales,,,,,,,,,ihalleded0@vinaora.com,,,,,,,,,,,,,,,2,,,,,,,,,,,,,,,,,,,,,,,,,,,,4341,,,,,,,,,,,,,,,,469
470,Ophelie Gotter,Ophelie,Gotter,,,,,,Regional Sales Manager,,,,,,,,,ogotterd1@china.com.cn,,,,,,,,,,,,,,,1,,,,,,,,,,,,,,,,,,,,,,,,,,,,13214,,,,,,,,,,,,,,,,470
471,Lizabeth Jonke,Lizabeth,Jonke,,,,,,Inside Sales,,,,,,,,,ljonked2@livejournal.com,,,,,,,,,,,,,,,1,,,,,,,,,,,,,,,,,,,,,,,,,,,,7396,,,,,,,,,,,,,,,,471
472,Chucho Denisevich,Chucho,Denisevich,,,,,,Sale Director,,,,,,,,,cdenisevichd3@latimes.com,,,,,,,,,,,,,,,1,,,,,,,,,,,,,,,,,,,,,,,,,,,,18640,,,,,,,,,,,,,,,,472
473,Wyatan Ibeson,Wyatan,Ibeson,,,,,,Regional Sales Manager,,,,,,,,,wibesond4@google.cn,,,,,,,,,,,,,,,3,,,,,,,,,,,,,,,,,,,,,,,,,,,,1882,,,,,,,,,,,,,,,,473
474,Trix Caughtry,Trix,Caughtry,,,,,,Sale Director,,,,,,,,,tcaughtryd5@smugmug.com,,,,,,,,,,,,,,,1,,,,,,,,,,,,,,,,,,,,,,,,,,,,24379,,,,,,,,,,,,,,,,474
475,Velma McCaughey,Velma,McCaughey,,,,,,Regional Sales Manager,,,,,,,,,vmccaugheyd6@slate.com,,,,,,,,,,,,,,,1,,,,,,,,,,,,,,,,,,,,,,,,,,,,23477,,,,,,,,,,,,,,,,475
476,Welbie Lennon,Welbie,Lennon,,,,,,Regional Sales Manager,,,,,,,,,wlennond7@wordpress.com,,,,,,,,,,,,,,,1,,,,,,,,,,,,,,,,,,,,,,,,,,,,12291,,,,,,,,,,,,,,,,476
477,Josselyn Kubala,Josselyn,Kubala,,,,,,Sale Director,,,,,,,,,jkubalad8@nytimes.com,,,,,,,,,,,,,,,1,,,,,,,,,,,,,,,,,,,,,,,,,,,,21314,,,,,,,,,,,,,,,,477
478,Vilma Bordes,Vilma,Bordes,,,,,,Sale Director,,,,,,,,,vbordesd9@youtu.be,,,,,,,,,,,,,,,3,,,,,,,,,,,,,,,,,,,,,,,,,,,,12851,,,,,,,,,,,,,,,,478
479,Fanya Kybird,Fanya,Kybird,,,,,,Sale Director,,,,,,,,,fkybirdda@vinaora.com,,,,,,,,,,,,,,,3,,,,,,,,,,,,,,,,,,,,,,,,,,,,3468,,,,,,,,,,,,,,,,479
480,Clarine Winfrey,Clarine,Winfrey,,,,,,Regional Sales Manager,,,,,,,,,cwinfreydb@about.me,,,,,,,,,,,,,,,3,,,,,,,,,,,,,,,,,,,,,,,,,,,,20989,,,,,,,,,,,,,,,,480
481,Maisie McAndrew,Maisie,McAndrew,,,,,,Regional Sales Manager,,,,,,,,,mmcandrewdc@nytimes.com,,,,,,,,,,,,,,,3,,,,,,,,,,,,,,,,,,,,,,,,,,,,22578,,,,,,,,,,,,,,,,481
482,Daffi Halfhide,Daffi,Halfhide,,,,,,Sale Director,,,,,,,,,dhalfhidedd@prnewswire.com,,,,,,,,,,,,,,,3,,,,,,,,,,,,,,,,,,,,,,,,,,,,2981,,,,,,,,,,,,,,,,482
483,Caryn Strutz,Caryn,Strutz,,,,,,Inside Sales,,,,,,,,,cstrutzde@narod.ru,,,,,,,,,,,,,,,3,,,,,,,,,,,,,,,,,,,,,,,,,,,,22649,,,,,,,,,,,,,,,,483
484,Bryana Ilyas,Bryana,Ilyas,,,,,,Sale Director,,,,,,,,,bilyasdf@bandcamp.com,,,,,,,,,,,,,,,1,,,,,,,,,,,,,,,,,,,,,,,,,,,,5826,,,,,,,,,,,,,,,,484
485,Theo Gradon,Theo,Gradon,,,,,,Sale Director,,,,,,,,,tgradondg@smh.com.au,,,,,,,,,,,,,,,2,,,,,,,,,,,,,,,,,,,,,,,,,,,,4380,,,,,,,,,,,,,,,,485
486,Hildagarde Vasin,Hildagarde,Vasin,,,,,,Inside Sales,,,,,,,,,hvasindh@indiegogo.com,,,,,,,,,,,,,,,3,,,,,,,,,,,,,,,,,,,,,,,,,,,,14259,,,,,,,,,,,,,,,,486
487,Donnie Allaway,Donnie,Allaway,,,,,,Inside Sales,,,,,,,,,dallawaydi@mapy.cz,,,,,,,,,,,,,,,3,,,,,,,,,,,,,,,,,,,,,,,,,,,,6926,,,,,,,,,,,,,,,,487
488,Marcile Hanselman,Marcile,Hanselman,,,,,,Inside Sales,,,,,,,,,mhanselmandj@toplist.cz,,,,,,,,,,,,,,,1,,,,,,,,,,,,,,,,,,,,,,,,,,,,16230,,,,,,,,,,,,,,,,488
489,Rosetta Palmar,Rosetta,Palmar,,,,,,Regional Sales Manager,,,,,,,,,rpalmardk@arizona.edu,,,,,,,,,,,,,,,3,,,,,,,,,,,,,,,,,,,,,,,,,,,,20093,,,,,,,,,,,,,,,,489
490,Merissa Took,Merissa,Took,,,,,,Sale Director,,,,,,,,,mtookdl@mit.edu,,,,,,,,,,,,,,,2,,,,,,,,,,,,,,,,,,,,,,,,,,,,15101,,,,,,,,,,,,,,,,490
491,Arty Greatham,Arty,Greatham,,,,,,Inside Sales,,,,,,,,,agreathamdm@boston.com,,,,,,,,,,,,,,,3,,,,,,,,,,,,,,,,,,,,,,,,,,,,17116,,,,,,,,,,,,,,,,491
492,Anson Broadley,Anson,Broadley,,,,,,Inside Sales,,,,,,,,,abroadleydn@hatena.ne.jp,,,,,,,,,,,,,,,1,,,,,,,,,,,,,,,,,,,,,,,,,,,,5908,,,,,,,,,,,,,,,,492
493,Steve Sibbert,Steve,Sibbert,,,,,,Inside Sales,,,,,,,,,ssibbertdo@cpanel.net,,,,,,,,,,,,,,,3,,,,,,,,,,,,,,,,,,,,,,,,,,,,9368,,,,,,,,,,,,,,,,493
494,Kip Almond,Kip,Almond,,,,,,Inside Sales,,,,,,,,,kalmonddp@who.int,,,,,,,,,,,,,,,1,,,,,,,,,,,,,,,,,,,,,,,,,,,,17356,,,,,,,,,,,,,,,,494
495,Oswald Pain,Oswald,Pain,,,,,,Sale Director,,,,,,,,,opaindq@google.cn,,,,,,,,,,,,,,,3,,,,,,,,,,,,,,,,,,,,,,,,,,,,6335,,,,,,,,,,,,,,,,495
496,Maible Yuryichev,Maible,Yuryichev,,,,,,Sale Director,,,,,,,,,myuryichevdr@si.edu,,,,,,,,,,,,,,,1,,,,,,,,,,,,,,,,,,,,,,,,,,,,10392,,,,,,,,,,,,,,,,496
497,Shannah Yearby,Shannah,Yearby,,,,,,Sale Director,,,,,,,,,syearbyds@nbcnews.com,,,,,,,,,,,,,,,2,,,,,,,,,,,,,,,,,,,,,,,,,,,,18074,,,,,,,,,,,,,,,,497
498,Hal Seth,Hal,Seth,,,,,,Regional Sales Manager,,,,,,,,,hsethdt@so-net.ne.jp,,,,,,,,,,,,,,,3,,,,,,,,,,,,,,,,,,,,,,,,,,,,22672,,,,,,,,,,,,,,,,498
499,Hymie Tammadge,Hymie,Tammadge,,,,,,Inside Sales,,,,,,,,,htammadgedu@altervista.org,,,,,,,,,,,,,,,3,,,,,,,,,,,,,,,,,,,,,,,,,,,,5793,,,,,,,,,,,,,,,,499
500,Humfrid Di Bartolommeo,Humfrid,Di Bartolommeo,,,,,,Sale Director,,,,,,,,,hdibartolommeodv@photobucket.com,,,,,,,,,,,,,,,3,,,,,,,,,,,,,,,,,,,,,,,,,,,,6259,,,,,,,,,,,,,,,,500
501,Ferrel Michiel,Ferrel,Michiel,,,,,,Sale Director,,,,,,,,,fmichieldw@upenn.edu,,,,,,,,,,,,,,,3,,,,,,,,,,,,,,,,,,,,,,,,,,,,21448,,,,,,,,,,,,,,,,501
502,Arlena Rehm,Arlena,Rehm,,,,,,Sale Director,,,,,,,,,arehmdx@fotki.com,,,,,,,,,,,,,,,3,,,,,,,,,,,,,,,,,,,,,,,,,,,,18419,,,,,,,,,,,,,,,,502
503,Tiebold Mughal,Tiebold,Mughal,,,,,,Regional Sales Manager,,,,,,,,,tmughaldy@va.gov,,,,,,,,,,,,,,,1,,,,,,,,,,,,,,,,,,,,,,,,,,,,10818,,,,,,,,,,,,,,,,503
504,Chelsea Lambol,Chelsea,Lambol,,,,,,Sale Director,,,,,,,,,clamboldz@mlb.com,,,,,,,,,,,,,,,2,,,,,,,,,,,,,,,,,,,,,,,,,,,,3523,,,,,,,,,,,,,,,,504
505,Keri Sampey,Keri,Sampey,,,,,,Sale Director,,,,,,,,,ksampeye0@bluehost.com,,,,,,,,,,,,,,,3,,,,,,,,,,,,,,,,,,,,,,,,,,,,23457,,,,,,,,,,,,,,,,505
506,Kerstin Louw,Kerstin,Louw,,,,,,Regional Sales Manager,,,,,,,,,klouwe1@hugedomains.com,,,,,,,,,,,,,,,2,,,,,,,,,,,,,,,,,,,,,,,,,,,,22575,,,,,,,,,,,,,,,,506
507,Elvin Heinsen,Elvin,Heinsen,,,,,,Inside Sales,,,,,,,,,eheinsene2@jalbum.net,,,,,,,,,,,,,,,3,,,,,,,,,,,,,,,,,,,,,,,,,,,,5892,,,,,,,,,,,,,,,,507
508,Stace Ogden,Stace,Ogden,,,,,,Sale Director,,,,,,,,,sogdene3@google.pl,,,,,,,,,,,,,,,3,,,,,,,,,,,,,,,,,,,,,,,,,,,,2916,,,,,,,,,,,,,,,,508
509,Tessi Jayume,Tessi,Jayume,,,,,,Inside Sales,,,,,,,,,tjayumee4@umich.edu,,,,,,,,,,,,,,,1,,,,,,,,,,,,,,,,,,,,,,,,,,,,9601,,,,,,,,,,,,,,,,509
510,Arlie Heine,Arlie,Heine,,,,,,Sale Director,,,,,,,,,aheinee5@cloudflare.com,,,,,,,,,,,,,,,3,,,,,,,,,,,,,,,,,,,,,,,,,,,,17941,,,,,,,,,,,,,,,,510
511,Carl Musico,Carl,Musico,,,,,,Regional Sales Manager,,,,,,,,,cmusicoe6@parallels.com,,,,,,,,,,,,,,,2,,,,,,,,,,,,,,,,,,,,,,,,,,,,22852,,,,,,,,,,,,,,,,511
512,Emanuel Vitte,Emanuel,Vitte,,,,,,Sale Director,,,,,,,,,evittee7@tinyurl.com,,,,,,,,,,,,,,,1,,,,,,,,,,,,,,,,,,,,,,,,,,,,13497,,,,,,,,,,,,,,,,512
513,Marris Robbings,Marris,Robbings,,,,,,Regional Sales Manager,,,,,,,,,mrobbingse8@aol.com,,,,,,,,,,,,,,,3,,,,,,,,,,,,,,,,,,,,,,,,,,,,5715,,,,,,,,,,,,,,,,513
514,Penelopa Mickan,Penelopa,Mickan,,,,,,Sale Director,,,,,,,,,pmickane9@mysql.com,,,,,,,,,,,,,,,3,,,,,,,,,,,,,,,,,,,,,,,,,,,,8440,,,,,,,,,,,,,,,,514
515,Skipton Barriball,Skipton,Barriball,,,,,,Sale Director,,,,,,,,,sbarriballea@loc.gov,,,,,,,,,,,,,,,1,,,,,,,,,,,,,,,,,,,,,,,,,,,,364,,,,,,,,,,,,,,,,515
516,Augustine Iddiens,Augustine,Iddiens,,,,,,Sale Director,,,,,,,,,aiddienseb@miibeian.gov.cn,,,,,,,,,,,,,,,1,,,,,,,,,,,,,,,,,,,,,,,,,,,,12938,,,,,,,,,,,,,,,,516
517,Peder Daveridge,Peder,Daveridge,,,,,,Sale Director,,,,,,,,,pdaveridgeec@google.ru,,,,,,,,,,,,,,,1,,,,,,,,,,,,,,,,,,,,,,,,,,,,2004,,,,,,,,,,,,,,,,517
518,Shawn Sunners,Shawn,Sunners,,,,,,Sale Director,,,,,,,,,ssunnersed@google.it,,,,,,,,,,,,,,,3,,,,,,,,,,,,,,,,,,,,,,,,,,,,5587,,,,,,,,,,,,,,,,518
519,Joellyn Dovydenas,Joellyn,Dovydenas,,,,,,Sale Director,,,,,,,,,jdovydenasee@reverbnation.com,,,,,,,,,,,,,,,1,,,,,,,,,,,,,,,,,,,,,,,,,,,,9842,,,,,,,,,,,,,,,,519
520,Nealy Lye,Nealy,Lye,,,,,,Inside Sales,,,,,,,,,nlyeef@mediafire.com,,,,,,,,,,,,,,,2,,,,,,,,,,,,,,,,,,,,,,,,,,,,19313,,,,,,,,,,,,,,,,520
521,Clotilda Adolphine,Clotilda,Adolphine,,,,,,Inside Sales,,,,,,,,,cadolphineeg@cam.ac.uk,,,,,,,,,,,,,,,2,,,,,,,,,,,,,,,,,,,,,,,,,,,,21924,,,,,,,,,,,,,,,,521
522,Essa Lindblom,Essa,Lindblom,,,,,,Regional Sales Manager,,,,,,,,,elindblomeh@slashdot.org,,,,,,,,,,,,,,,3,,,,,,,,,,,,,,,,,,,,,,,,,,,,13554,,,,,,,,,,,,,,,,522
523,Lisette Petrenko,Lisette,Petrenko,,,,,,Inside Sales,,,,,,,,,lpetrenkoei@miitbeian.gov.cn,,,,,,,,,,,,,,,1,,,,,,,,,,,,,,,,,,,,,,,,,,,,6396,,,,,,,,,,,,,,,,523
524,Benedetta Sidebottom,Benedetta,Sidebottom,,,,,,Inside Sales,,,,,,,,,bsidebottomej@timesonline.co.uk,,,,,,,,,,,,,,,1,,,,,,,,,,,,,,,,,,,,,,,,,,,,15032,,,,,,,,,,,,,,,,524
525,Dalston Domanski,Dalston,Domanski,,,,,,Regional Sales Manager,,,,,,,,,ddomanskiek@oaic.gov.au,,,,,,,,,,,,,,,1,,,,,,,,,,,,,,,,,,,,,,,,,,,,3852,,,,,,,,,,,,,,,,525
526,Alphonse Winscom,Alphonse,Winscom,,,,,,Regional Sales Manager,,,,,,,,,awinscomel@etsy.com,,,,,,,,,,,,,,,1,,,,,,,,,,,,,,,,,,,,,,,,,,,,20850,,,,,,,,,,,,,,,,526
527,Eli Plumridge,Eli,Plumridge,,,,,,Regional Sales Manager,,,,,,,,,eplumridgeem@statcounter.com,,,,,,,,,,,,,,,3,,,,,,,,,,,,,,,,,,,,,,,,,,,,8092,,,,,,,,,,,,,,,,527
528,Emyle Pape,Emyle,Pape,,,,,,Inside Sales,,,,,,,,,epapeen@cmu.edu,,,,,,,,,,,,,,,1,,,,,,,,,,,,,,,,,,,,,,,,,,,,5326,,,,,,,,,,,,,,,,528
529,Luca Chivrall,Luca,Chivrall,,,,,,Regional Sales Manager,,,,,,,,,lchivralleo@chronoengine.com,,,,,,,,,,,,,,,1,,,,,,,,,,,,,,,,,,,,,,,,,,,,6,,,,,,,,,,,,,,,,529
530,Hertha Veness,Hertha,Veness,,,,,,Regional Sales Manager,,,,,,,,,hvenessep@china.com.cn,,,,,,,,,,,,,,,3,,,,,,,,,,,,,,,,,,,,,,,,,,,,8616,,,,,,,,,,,,,,,,530
531,Winna Meadmore,Winna,Meadmore,,,,,,Inside Sales,,,,,,,,,wmeadmoreeq@ed.gov,,,,,,,,,,,,,,,1,,,,,,,,,,,,,,,,,,,,,,,,,,,,16888,,,,,,,,,,,,,,,,531
532,Jerrome Whordley,Jerrome,Whordley,,,,,,Inside Sales,,,,,,,,,jwhordleyer@loc.gov,,,,,,,,,,,,,,,1,,,,,,,,,,,,,,,,,,,,,,,,,,,,8936,,,,,,,,,,,,,,,,532
533,Yasmeen O'Docherty,Yasmeen,O'Docherty,,,,,,Sale Director,,,,,,,,,yodochertyes@yolasite.com,,,,,,,,,,,,,,,2,,,,,,,,,,,,,,,,,,,,,,,,,,,,15488,,,,,,,,,,,,,,,,533
534,Neely Bollans,Neely,Bollans,,,,,,Inside Sales,,,,,,,,,nbollanset@theglobeandmail.com,,,,,,,,,,,,,,,3,,,,,,,,,,,,,,,,,,,,,,,,,,,,19640,,,,,,,,,,,,,,,,534
535,Marylin Conradsen,Marylin,Conradsen,,,,,,Sale Director,,,,,,,,,mconradseneu@princeton.edu,,,,,,,,,,,,,,,2,,,,,,,,,,,,,,,,,,,,,,,,,,,,12419,,,,,,,,,,,,,,,,535
536,Tallia Domengue,Tallia,Domengue,,,,,,Inside Sales,,,,,,,,,tdomengueev@godaddy.com,,,,,,,,,,,,,,,1,,,,,,,,,,,,,,,,,,,,,,,,,,,,2459,,,,,,,,,,,,,,,,536
537,Arturo Reeds,Arturo,Reeds,,,,,,Regional Sales Manager,,,,,,,,,areedsew@uol.com.br,,,,,,,,,,,,,,,1,,,,,,,,,,,,,,,,,,,,,,,,,,,,9004,,,,,,,,,,,,,,,,537
538,Adelice Aitkin,Adelice,Aitkin,,,,,,Regional Sales Manager,,,,,,,,,aaitkinex@stumbleupon.com,,,,,,,,,,,,,,,2,,,,,,,,,,,,,,,,,,,,,,,,,,,,8895,,,,,,,,,,,,,,,,538
539,Erin Heathfield,Erin,Heathfield,,,,,,Regional Sales Manager,,,,,,,,,eheathfieldey@vinaora.com,,,,,,,,,,,,,,,1,,,,,,,,,,,,,,,,,,,,,,,,,,,,12236,,,,,,,,,,,,,,,,539
540,Lawry Wakenshaw,Lawry,Wakenshaw,,,,,,Sale Director,,,,,,,,,lwakenshawez@friendfeed.com,,,,,,,,,,,,,,,2,,,,,,,,,,,,,,,,,,,,,,,,,,,,20479,,,,,,,,,,,,,,,,540
541,Herschel Hiseman,Herschel,Hiseman,,,,,,Sale Director,,,,,,,,,hhisemanf0@fotki.com,,,,,,,,,,,,,,,3,,,,,,,,,,,,,,,,,,,,,,,,,,,,21994,,,,,,,,,,,,,,,,541
542,Kerr Alexandre,Kerr,Alexandre,,,,,,Inside Sales,,,,,,,,,kalexandref1@youtube.com,,,,,,,,,,,,,,,2,,,,,,,,,,,,,,,,,,,,,,,,,,,,11973,,,,,,,,,,,,,,,,542
543,Bessie Yakunchikov,Bessie,Yakunchikov,,,,,,Sale Director,,,,,,,,,byakunchikovf2@dagondesign.com,,,,,,,,,,,,,,,1,,,,,,,,,,,,,,,,,,,,,,,,,,,,18949,,,,,,,,,,,,,,,,543
544,Danit Dossit,Danit,Dossit,,,,,,Sale Director,,,,,,,,,ddossitf3@gov.uk,,,,,,,,,,,,,,,1,,,,,,,,,,,,,,,,,,,,,,,,,,,,16642,,,,,,,,,,,,,,,,544
545,Rebekkah Neubigging,Rebekkah,Neubigging,,,,,,Inside Sales,,,,,,,,,rneubiggingf4@cdc.gov,,,,,,,,,,,,,,,1,,,,,,,,,,,,,,,,,,,,,,,,,,,,7868,,,,,,,,,,,,,,,,545
546,Cecile Bortolini,Cecile,Bortolini,,,,,,Sale Director,,,,,,,,,cbortolinif5@fc2.com,,,,,,,,,,,,,,,2,,,,,,,,,,,,,,,,,,,,,,,,,,,,20373,,,,,,,,,,,,,,,,546
547,Jaclyn Elcom,Jaclyn,Elcom,,,,,,Inside Sales,,,,,,,,,jelcomf6@hubpages.com,,,,,,,,,,,,,,,2,,,,,,,,,,,,,,,,,,,,,,,,,,,,17628,,,,,,,,,,,,,,,,547
548,Barbette Blakeway,Barbette,Blakeway,,,,,,Inside Sales,,,,,,,,,bblakewayf7@multiply.com,,,,,,,,,,,,,,,1,,,,,,,,,,,,,,,,,,,,,,,,,,,,4599,,,,,,,,,,,,,,,,548
549,Jobey Prandy,Jobey,Prandy,,,,,,Sale Director,,,,,,,,,jprandyf8@digg.com,,,,,,,,,,,,,,,2,,,,,,,,,,,,,,,,,,,,,,,,,,,,4668,,,,,,,,,,,,,,,,549
550,Caro Philipet,Caro,Philipet,,,,,,Inside Sales,,,,,,,,,cphilipetf9@webnode.com,,,,,,,,,,,,,,,2,,,,,,,,,,,,,,,,,,,,,,,,,,,,8714,,,,,,,,,,,,,,,,550
551,Hamid Heyfield,Hamid,Heyfield,,,,,,Sale Director,,,,,,,,,hheyfieldfa@squidoo.com,,,,,,,,,,,,,,,1,,,,,,,,,,,,,,,,,,,,,,,,,,,,11050,,,,,,,,,,,,,,,,551
552,Teodorico Bramelt,Teodorico,Bramelt,,,,,,Inside Sales,,,,,,,,,tbrameltfb@wsj.com,,,,,,,,,,,,,,,1,,,,,,,,,,,,,,,,,,,,,,,,,,,,14345,,,,,,,,,,,,,,,,552
553,Kimmy Melland,Kimmy,Melland,,,,,,Inside Sales,,,,,,,,,kmellandfc@exblog.jp,,,,,,,,,,,,,,,1,,,,,,,,,,,,,,,,,,,,,,,,,,,,4874,,,,,,,,,,,,,,,,553
554,Kip Jime,Kip,Jime,,,,,,Sale Director,,,,,,,,,kjimefd@devhub.com,,,,,,,,,,,,,,,1,,,,,,,,,,,,,,,,,,,,,,,,,,,,10544,,,,,,,,,,,,,,,,554
555,Roana Swyne,Roana,Swyne,,,,,,Regional Sales Manager,,,,,,,,,rswynefe@forbes.com,,,,,,,,,,,,,,,3,,,,,,,,,,,,,,,,,,,,,,,,,,,,10782,,,,,,,,,,,,,,,,555
556,Roma Divina,Roma,Divina,,,,,,Regional Sales Manager,,,,,,,,,rdivinaff@histats.com,,,,,,,,,,,,,,,3,,,,,,,,,,,,,,,,,,,,,,,,,,,,14175,,,,,,,,,,,,,,,,556
557,Hanni Oboy,Hanni,Oboy,,,,,,Sale Director,,,,,,,,,hoboyfg@techcrunch.com,,,,,,,,,,,,,,,1,,,,,,,,,,,,,,,,,,,,,,,,,,,,858,,,,,,,,,,,,,,,,557
558,Manolo Altimas,Manolo,Altimas,,,,,,Regional Sales Manager,,,,,,,,,maltimasfh@fda.gov,,,,,,,,,,,,,,,2,,,,,,,,,,,,,,,,,,,,,,,,,,,,10429,,,,,,,,,,,,,,,,558
559,Dacie Tipper,Dacie,Tipper,,,,,,Inside Sales,,,,,,,,,dtipperfi@pbs.org,,,,,,,,,,,,,,,3,,,,,,,,,,,,,,,,,,,,,,,,,,,,11025,,,,,,,,,,,,,,,,559
560,Rosalynd Kynforth,Rosalynd,Kynforth,,,,,,Inside Sales,,,,,,,,,rkynforthfj@ebay.co.uk,,,,,,,,,,,,,,,2,,,,,,,,,,,,,,,,,,,,,,,,,,,,7614,,,,,,,,,,,,,,,,560
561,Sosanna Harbertson,Sosanna,Harbertson,,,,,,Inside Sales,,,,,,,,,sharbertsonfk@pen.io,,,,,,,,,,,,,,,3,,,,,,,,,,,,,,,,,,,,,,,,,,,,17378,,,,,,,,,,,,,,,,561
562,Morissa Scamerdine,Morissa,Scamerdine,,,,,,Regional Sales Manager,,,,,,,,,mscamerdinefl@ocn.ne.jp,,,,,,,,,,,,,,,2,,,,,,,,,,,,,,,,,,,,,,,,,,,,12070,,,,,,,,,,,,,,,,562
563,Ruby Christou,Ruby,Christou,,,,,,Inside Sales,,,,,,,,,rchristoufm@nba.com,,,,,,,,,,,,,,,1,,,,,,,,,,,,,,,,,,,,,,,,,,,,24349,,,,,,,,,,,,,,,,563
564,Shawna Chater,Shawna,Chater,,,,,,Regional Sales Manager,,,,,,,,,schaterfn@skyrock.com,,,,,,,,,,,,,,,3,,,,,,,,,,,,,,,,,,,,,,,,,,,,14609,,,,,,,,,,,,,,,,564
565,Obediah Cuff,Obediah,Cuff,,,,,,Inside Sales,,,,,,,,,ocufffo@last.fm,,,,,,,,,,,,,,,3,,,,,,,,,,,,,,,,,,,,,,,,,,,,6274,,,,,,,,,,,,,,,,565
566,Hoyt Harrhy,Hoyt,Harrhy,,,,,,Regional Sales Manager,,,,,,,,,hharrhyfp@xing.com,,,,,,,,,,,,,,,1,,,,,,,,,,,,,,,,,,,,,,,,,,,,5815,,,,,,,,,,,,,,,,566
567,Sandye Wilbor,Sandye,Wilbor,,,,,,Inside Sales,,,,,,,,,swilborfq@nature.com,,,,,,,,,,,,,,,2,,,,,,,,,,,,,,,,,,,,,,,,,,,,3370,,,,,,,,,,,,,,,,567
568,Karrie Mosten,Karrie,Mosten,,,,,,Regional Sales Manager,,,,,,,,,kmostenfr@soundcloud.com,,,,,,,,,,,,,,,1,,,,,,,,,,,,,,,,,,,,,,,,,,,,11914,,,,,,,,,,,,,,,,568
569,Laurent Cockshoot,Laurent,Cockshoot,,,,,,Sale Director,,,,,,,,,lcockshootfs@trellian.com,,,,,,,,,,,,,,,1,,,,,,,,,,,,,,,,,,,,,,,,,,,,7131,,,,,,,,,,,,,,,,569
570,Glen Bello,Glen,Bello,,,,,,Regional Sales Manager,,,,,,,,,gbelloft@rambler.ru,,,,,,,,,,,,,,,1,,,,,,,,,,,,,,,,,,,,,,,,,,,,4159,,,,,,,,,,,,,,,,570
571,Kirstyn McElhargy,Kirstyn,McElhargy,,,,,,Sale Director,,,,,,,,,kmcelhargyfu@sitemeter.com,,,,,,,,,,,,,,,3,,,,,,,,,,,,,,,,,,,,,,,,,,,,23018,,,,,,,,,,,,,,,,571
572,Saree Bellino,Saree,Bellino,,,,,,Regional Sales Manager,,,,,,,,,sbellinofv@domainmarket.com,,,,,,,,,,,,,,,3,,,,,,,,,,,,,,,,,,,,,,,,,,,,1296,,,,,,,,,,,,,,,,572
573,Clarissa Terrington,Clarissa,Terrington,,,,,,Inside Sales,,,,,,,,,cterringtonfw@list-manage.com,,,,,,,,,,,,,,,3,,,,,,,,,,,,,,,,,,,,,,,,,,,,1013,,,,,,,,,,,,,,,,573
574,Eileen Gynni,Eileen,Gynni,,,,,,Regional Sales Manager,,,,,,,,,egynnifx@amazon.co.jp,,,,,,,,,,,,,,,1,,,,,,,,,,,,,,,,,,,,,,,,,,,,20630,,,,,,,,,,,,,,,,574
575,Lanny Detheridge,Lanny,Detheridge,,,,,,Inside Sales,,,,,,,,,ldetheridgefy@google.co.jp,,,,,,,,,,,,,,,1,,,,,,,,,,,,,,,,,,,,,,,,,,,,22884,,,,,,,,,,,,,,,,575
576,Kattie Dewane,Kattie,Dewane,,,,,,Sale Director,,,,,,,,,kdewanefz@rediff.com,,,,,,,,,,,,,,,1,,,,,,,,,,,,,,,,,,,,,,,,,,,,11553,,,,,,,,,,,,,,,,576
577,Mil Sings,Mil,Sings,,,,,,Regional Sales Manager,,,,,,,,,msingsg0@scribd.com,,,,,,,,,,,,,,,1,,,,,,,,,,,,,,,,,,,,,,,,,,,,6321,,,,,,,,,,,,,,,,577
578,Eirena McCafferky,Eirena,McCafferky,,,,,,Regional Sales Manager,,,,,,,,,emccafferkyg1@timesonline.co.uk,,,,,,,,,,,,,,,1,,,,,,,,,,,,,,,,,,,,,,,,,,,,21031,,,,,,,,,,,,,,,,578
579,Carolynn Churcher,Carolynn,Churcher,,,,,,Sale Director,,,,,,,,,cchurcherg2@tinypic.com,,,,,,,,,,,,,,,2,,,,,,,,,,,,,,,,,,,,,,,,,,,,22814,,,,,,,,,,,,,,,,579
580,Vivianne Elms,Vivianne,Elms,,,,,,Sale Director,,,,,,,,,velmsg3@goo.ne.jp,,,,,,,,,,,,,,,3,,,,,,,,,,,,,,,,,,,,,,,,,,,,11105,,,,,,,,,,,,,,,,580
581,Gay McReidy,Gay,McReidy,,,,,,Inside Sales,,,,,,,,,gmcreidyg4@cloudflare.com,,,,,,,,,,,,,,,1,,,,,,,,,,,,,,,,,,,,,,,,,,,,17503,,,,,,,,,,,,,,,,581
582,Ardella Farnsworth,Ardella,Farnsworth,,,,,,Inside Sales,,,,,,,,,afarnsworthg5@wired.com,,,,,,,,,,,,,,,2,,,,,,,,,,,,,,,,,,,,,,,,,,,,17805,,,,,,,,,,,,,,,,582
583,Kerby Shafier,Kerby,Shafier,,,,,,Inside Sales,,,,,,,,,kshafierg6@ucla.edu,,,,,,,,,,,,,,,3,,,,,,,,,,,,,,,,,,,,,,,,,,,,6387,,,,,,,,,,,,,,,,583
584,Cristen Tunbridge,Cristen,Tunbridge,,,,,,Regional Sales Manager,,,,,,,,,ctunbridgeg7@businesswire.com,,,,,,,,,,,,,,,2,,,,,,,,,,,,,,,,,,,,,,,,,,,,22707,,,,,,,,,,,,,,,,584
585,Saul Rocca,Saul,Rocca,,,,,,Regional Sales Manager,,,,,,,,,sroccag8@moonfruit.com,,,,,,,,,,,,,,,3,,,,,,,,,,,,,,,,,,,,,,,,,,,,910,,,,,,,,,,,,,,,,585
586,Em Portt,Em,Portt,,,,,,Regional Sales Manager,,,,,,,,,eporttg9@google.es,,,,,,,,,,,,,,,3,,,,,,,,,,,,,,,,,,,,,,,,,,,,5455,,,,,,,,,,,,,,,,586
587,Henriette Hedworth,Henriette,Hedworth,,,,,,Inside Sales,,,,,,,,,hhedworthga@wiley.com,,,,,,,,,,,,,,,2,,,,,,,,,,,,,,,,,,,,,,,,,,,,22330,,,,,,,,,,,,,,,,587
588,Berkley Crunkhurn,Berkley,Crunkhurn,,,,,,Sale Director,,,,,,,,,bcrunkhurngb@cornell.edu,,,,,,,,,,,,,,,1,,,,,,,,,,,,,,,,,,,,,,,,,,,,12562,,,,,,,,,,,,,,,,588
589,Rochette McCambrois,Rochette,McCambrois,,,,,,Inside Sales,,,,,,,,,rmccambroisgc@tuttocitta.it,,,,,,,,,,,,,,,1,,,,,,,,,,,,,,,,,,,,,,,,,,,,10112,,,,,,,,,,,,,,,,589
590,Pamella Blankett,Pamella,Blankett,,,,,,Regional Sales Manager,,,,,,,,,pblankettgd@tinyurl.com,,,,,,,,,,,,,,,3,,,,,,,,,,,,,,,,,,,,,,,,,,,,22013,,,,,,,,,,,,,,,,590
591,Merrick Hearon,Merrick,Hearon,,,,,,Sale Director,,,,,,,,,mhearonge@multiply.com,,,,,,,,,,,,,,,3,,,,,,,,,,,,,,,,,,,,,,,,,,,,23208,,,,,,,,,,,,,,,,591
592,Myrtie Dart,Myrtie,Dart,,,,,,Regional Sales Manager,,,,,,,,,mdartgf@reddit.com,,,,,,,,,,,,,,,2,,,,,,,,,,,,,,,,,,,,,,,,,,,,15460,,,,,,,,,,,,,,,,592
593,Scotti Jefferson,Scotti,Jefferson,,,,,,Sale Director,,,,,,,,,sjeffersongg@nbcnews.com,,,,,,,,,,,,,,,3,,,,,,,,,,,,,,,,,,,,,,,,,,,,18799,,,,,,,,,,,,,,,,593
594,Clywd Pettwood,Clywd,Pettwood,,,,,,Inside Sales,,,,,,,,,cpettwoodgh@symantec.com,,,,,,,,,,,,,,,3,,,,,,,,,,,,,,,,,,,,,,,,,,,,13202,,,,,,,,,,,,,,,,594
595,Ilyssa Rockwell,Ilyssa,Rockwell,,,,,,Inside Sales,,,,,,,,,irockwellgi@com.com,,,,,,,,,,,,,,,2,,,,,,,,,,,,,,,,,,,,,,,,,,,,20843,,,,,,,,,,,,,,,,595
596,Sigismond Pandey,Sigismond,Pandey,,,,,,Sale Director,,,,,,,,,spandeygj@google.co.uk,,,,,,,,,,,,,,,3,,,,,,,,,,,,,,,,,,,,,,,,,,,,23444,,,,,,,,,,,,,,,,596
597,Boothe Greguol,Boothe,Greguol,,,,,,Inside Sales,,,,,,,,,bgreguolgk@arizona.edu,,,,,,,,,,,,,,,3,,,,,,,,,,,,,,,,,,,,,,,,,,,,19816,,,,,,,,,,,,,,,,597
598,Carmine Janowski,Carmine,Janowski,,,,,,Inside Sales,,,,,,,,,cjanowskigl@ca.gov,,,,,,,,,,,,,,,3,,,,,,,,,,,,,,,,,,,,,,,,,,,,23730,,,,,,,,,,,,,,,,598
599,Farrel Ciobotaro,Farrel,Ciobotaro,,,,,,Regional Sales Manager,,,,,,,,,fciobotarogm@webs.com,,,,,,,,,,,,,,,3,,,,,,,,,,,,,,,,,,,,,,,,,,,,17327,,,,,,,,,,,,,,,,599
600,Pernell McMonies,Pernell,McMonies,,,,,,Regional Sales Manager,,,,,,,,,pmcmoniesgn@epa.gov,,,,,,,,,,,,,,,3,,,,,,,,,,,,,,,,,,,,,,,,,,,,6479,,,,,,,,,,,,,,,,600
